pl_id,pl_maker,pl_model_code,pl_name,pl_model_name,나무링크,세티즌링크,다나와링크,
1,apple,A2221,아이폰11,iphone11,https://namu.wiki/w/iPhone%2011,https://review.cetizen.com/7214/view/3/7214/review,http://prod.danawa.com/info/?pcode=9571503&keyword=%EC%95%84%EC%9D%B4%ED%8F%B0%2011&cate=12215709,아이폰11
2,apple,A2215,아이폰11 Pro,iphone11 Pro,https://namu.wiki/w/iPhone%2011%20Pro,https://review.cetizen.com/7217/view/3/7217/review,http://prod.danawa.com/info/?pcode=9571470&keyword=%EC%95%84%EC%9D%B4%ED%8F%B0%2011%20%ED%94%84%EB%A1%9C&cate=12215709,아이폰11 Pro
3,apple,A2218,아이폰11 Pro Max,iphone11 Pro Max,https://namu.wiki/w/iPhone%2011%20Pro%20Max,https://review.cetizen.com/7220/view/3/7220/review,http://prod.danawa.com/info/?pcode=9686247&keyword=%EC%95%84%EC%9D%B4%ED%8F%B011%20Pro%20Max&cate=122514,아이폰11 Pro Max
4,apple,A2097,아이폰Xs,iphoneXs,https://namu.wiki/w/iPhone%20XS,https://review.cetizen.com/6915/view/3/6915/review,http://prod.danawa.com/info/?pcode=6541437&keyword=%EC%95%84%EC%9D%B4%ED%8F%B0Xs&cate=122515,아이폰Xs
5,apple,A2101,아이폰Xs Max,iphoneXs Max,https://namu.wiki/w/iPhone%20XS%20Max,https://review.cetizen.com/6916/view/3/6916/review,http://prod.danawa.com/info/?pcode=6576244&keyword=%EC%95%84%EC%9D%B4%ED%8F%B0Xs%20Max&cate=12215709,아이폰Xs Max
6,apple,A2105,아이폰Xr,iphoneXr,https://namu.wiki/w/iPhone%20XR,https://review.cetizen.com/6917/view/3/6917/review,http://prod.danawa.com/info/?pcode=6574142&keyword=%EC%95%84%EC%9D%B4%ED%8F%B0Xr&cate=12215709,아이폰Xr
7,apple,A1901,아이폰X,iphoneX,https://namu.wiki/w/iPhone%20X,https://review.cetizen.com/6520/view/3/6520/review,http://prod.danawa.com/info/?pcode=5789355&keyword=%EC%95%84%EC%9D%B4%ED%8F%B0X&cate=12215709,아이폰X
8,apple,A1905,아이폰8,iphone8,https://namu.wiki/w/iPhone%208,https://review.cetizen.com/6662/view/3/6662/review,http://prod.danawa.com/info/?pcode=5615613&keyword=%EC%95%84%EC%9D%B4%ED%8F%B08&cate=12215709,아이폰8
9,apple,A1897,아이폰8 Plus,iphone8 Plus,https://namu.wiki/w/iPhone%208%20Plus,https://review.cetizen.com/6664/view/3/6664/review,http://prod.danawa.com/info/?pcode=5811641&keyword=%EC%95%84%EC%9D%B4%ED%8F%B08%20Plus&cate=12215709,아이폰8 Plus
10,apple,A1778,아이폰7,iphone7,https://namu.wiki/w/iPhone%207,https://review.cetizen.com/6274/view/3/6274/review,http://prod.danawa.com/info/?pcode=4582669&keyword=%EC%95%84%EC%9D%B4%ED%8F%B07&cate=12215709,아이폰7
11,apple,A1784,아이폰7 Plus,iphone7 Plus,https://namu.wiki/w/iPhone%207%20Plus,https://review.cetizen.com/6427/view/3/6427/review,http://prod.danawa.com/info/?pcode=4637729&keyword=%EC%95%84%EC%9D%B4%ED%8F%B07%20Plus&cate=12215709,아이폰7 Plus
12,apple,A1723,아이폰SE,iphoneSE,https://namu.wiki/w/iPhone%20SE,https://review.cetizen.com/6321/view/3/6321/review,http://prod.danawa.com/info/?pcode=6758149&keyword=%EC%95%84%EC%9D%B4%ED%8F%B0%20se%201&cate=12215709,아이폰SE
13,apple,A1688,아이폰6s,iphone6s,https://namu.wiki/w/iPhone%206s,https://review.cetizen.com/6126/view/3/6126/review,http://prod.danawa.com/info/?pcode=6300830&keyword=%EC%95%84%EC%9D%B4%ED%8F%B06s&cate=12215709,아이폰6s
14,apple,A1687,아이폰6s Plus,iphone6s Plus,https://namu.wiki/w/iPhone%206s%20Plus,https://review.cetizen.com/6183/view/3/6183/review,http://prod.danawa.com/info/?pcode=3540468&keyword=%EC%95%84%EC%9D%B4%ED%8F%B06s%20Plus&cate=12215709,아이폰6s Plus
15,apple,A1586,아이폰6,iphone6,https://namu.wiki/w/iPhone%206,https://review.cetizen.com/6183/view/3/6183/review,http://prod.danawa.com/info/?pcode=3199723&keyword=%EC%95%84%EC%9D%B4%ED%8F%B0%206&cate=12215709,아이폰6
16,apple,A1524,아이폰6 Plus,iphone6 Plus,https://namu.wiki/w/iPhone%206%20Plus,https://review.cetizen.com/5893/view/3/5893/review,http://prod.danawa.com/info/?pcode=3199741&keyword=%EC%95%84%EC%9D%B4%ED%8F%B0%206%20%ED%94%8C%EB%9F%AC%EC%8A%A4&cate=12215709,아이폰6 Plus
17,apple,A1530,아이폰5s,iphone5s,https://namu.wiki/w/iPhone%205s,https://review.cetizen.com/5482/view/3/5482/review,http://prod.danawa.com/info/?pcode=3278570&keyword=%EC%95%84%EC%9D%B4%ED%8F%B0%205S&cate=12215709,아이폰5s
18,apple,A1532,아이폰5c,iphone5c,https://namu.wiki/w/iPhone%205c,,,아이폰5c
19,apple,A1428,아이폰5,iphone5,https://namu.wiki/w/iPhone%205,,http://prod.danawa.com/info/?pcode=3521557&keyword=%EC%95%84%EC%9D%B4%ED%8F%B05&cate=12215709,아이폰5
20,apple,A1387,아이폰4s,iphone4s,https://namu.wiki/w/%EC%95%84%EC%9D%B4%ED%8F%B04s,https://review.cetizen.com/5101/view/3/5101/review,http://prod.danawa.com/info/?pcode=2858685&keyword=%EC%95%84%EC%9D%B4%ED%8F%B04s%EC%A4%91%EA%B3%A0&cate=12215709,아이폰4s
21,apple,A1332,아이폰4,iphone4,https://namu.wiki/w/iPhone%204,https://review.cetizen.com/4856/view/3/4856/review,"http://prod.danawa.com/info/?pcode=1984716&keyword=APPLE%20%20%EC%95%84%EC%9D%B4%ED%8F%B0%204%2016GB,%20%EA%B3%B5%EA%B8%B0%EA%B3%84&cate=12215709",아이폰4
22,samsung,SM-A908,갤럭시 A90 5G,Galaxy A90 5G,https://namu.wiki/w/%EA%B0%A4%EB%9F%AD%EC%8B%9C%20A90%205G,https://review.cetizen.com/7199/view/3/7199/review,http://prod.danawa.com/info/?pcode=9524361&keyword=%EA%B0%A4%EB%9F%AD%EC%8B%9C%20A90%205G&cate=12215709,갤럭시 A90 5G
23,samsung,SM-A505,갤럭시 A50,Galaxy A50,https://namu.wiki/w/%EA%B0%A4%EB%9F%AD%EC%8B%9C%20A50,https://review.cetizen.com/7134/view/3/7134/review,http://prod.danawa.com/info/?pcode=9277314&keyword=%EA%B0%A4%EB%9F%AD%EC%8B%9C%20A50&cate=12215709,갤럭시 A50
24,samsung,SM-A405,갤럭시 A40,Galaxy A40,https://namu.wiki/w/%EA%B0%A4%EB%9F%AD%EC%8B%9C%20A40,https://review.cetizen.com/7157/view/3/7157/review,http://prod.danawa.com/info/?pcode=9825498&keyword=%EA%B0%A4%EB%9F%AD%EC%8B%9C%20A40&cate=12215709,갤럭시 A40
25,samsung,SM-A305,갤럭시 A30,Galaxy A30,https://namu.wiki/w/%EA%B0%A4%EB%9F%AD%EC%8B%9C%20A30,https://review.cetizen.com/7101/view/3/7101/review,http://prod.danawa.com/info/?pcode=7872553&keyword=%EA%B0%A4%EB%9F%AD%EC%8B%9C%20A30&cate=12215709,갤럭시 A30
26,samsung,SM-A205,갤럭시 와이드4,Galaxy Wide4,https://namu.wiki/w/%EA%B0%A4%EB%9F%AD%EC%8B%9C%20%EC%99%80%EC%9D%B4%EB%93%9C4,https://review.cetizen.com/7114/view/3/7114/review,http://prod.danawa.com/info/?pcode=8090740&keyword=%EA%B0%A4%EB%9F%AD%EC%8B%9C%20%EC%99%80%EC%9D%B4%EB%93%9C4&cate=12215709,갤럭시 와이드4
27,samsung,SM-G887,갤럭시 A9 Pro,Galaxy A9 Pro,https://namu.wiki/w/%EA%B0%A4%EB%9F%AD%EC%8B%9C%20A9%20Pro?from=%EA%B0%A4%EB%9F%AD%EC%8B%9C%20A9%20%ED%94%84%EB%A1%9C,https://review.cetizen.com/7022/view/3/7022/review,http://prod.danawa.com/info/?pcode=7186288&keyword=%EA%B0%A4%EB%9F%AD%EC%8B%9C%20A9%20Pro&cate=12215709,갤럭시 A9 Pro
28,samsung,SM-G885,갤럭시 A8 Star,Galaxy A8 Star,https://namu.wiki/w/%EA%B0%A4%EB%9F%AD%EC%8B%9C%20A8%20Star?from=%EA%B0%A4%EB%9F%AD%EC%8B%9C%20A9%20Star,https://review.cetizen.com/6859/view/3/6859/review,http://prod.danawa.com/info/?pcode=6537571&keyword=%EA%B0%A4%EB%9F%AD%EC%8B%9C%20A8%20Star&cate=12215709,갤럭시 A8 Star
29,samsung,SM-A920,갤럭시 A9 2018,Galaxy A9 2018,https://namu.wiki/w/%EA%B0%A4%EB%9F%AD%EC%8B%9C%20A9(2018),https://review.cetizen.com/6947/view/3/6947/review,http://prod.danawa.com/info/?pcode=6961336&keyword=%EA%B0%A4%EB%9F%AD%EC%8B%9C%20A9%202018&cate=12215709,갤럭시 A9 2018
30,samsung,SM-A530,갤럭시 A8 2018,Galaxy A8 2018,https://namu.wiki/w/%EA%B0%A4%EB%9F%AD%EC%8B%9C%20A8(2018),https://review.cetizen.com/6704/view/3/6704/review,http://prod.danawa.com/info/?pcode=5814086&keyword=%EA%B0%A4%EB%9F%AD%EC%8B%9C%20A8%202018&cate=12215709,갤럭시 A8 2018
31,samsung,SM-A600,갤럭시 A6 2018,Galaxy A6 2018,https://namu.wiki/w/%EA%B0%A4%EB%9F%AD%EC%8B%9C%20A6,https://review.cetizen.com/6856/view/3/6856/review,http://prod.danawa.com/info/?pcode=6314988&keyword=%EA%B0%A4%EB%9F%AD%EC%8B%9C%20A6%202018&cate=12215709,갤럭시 A6 2018
32,samsung,SM-A750,갤럭시 A7 2018,Galaxy A7 2018,https://namu.wiki/w/%EA%B0%A4%EB%9F%AD%EC%8B%9C%20A7(2018),https://review.cetizen.com/6951/view/3/6951/review,http://prod.danawa.com/info/?pcode=6564649&keyword=%EA%B0%A4%EB%9F%AD%EC%8B%9C%20A7%202018&cate=12215709,갤럭시 A7 2018
33,samsung,SM-A520,갤럭시 A5 2017,Galaxy A5 2017,https://namu.wiki/w/%EA%B0%A4%EB%9F%AD%EC%8B%9C%20A5(2017),https://review.cetizen.com/6487/view/3/6487/review,http://prod.danawa.com/info/?pcode=4950899&keyword=%EA%B0%A4%EB%9F%AD%EC%8B%9C%20A5%202017&cate=12215709,갤럭시 A5 2017
34,samsung,SM-A810,갤럭시 A8 2016,Galaxy A8 2016,https://namu.wiki/w/%EA%B0%A4%EB%9F%AD%EC%8B%9C%20A8(2016),https://review.cetizen.com/6453/view/3/6453/review,http://prod.danawa.com/info/?pcode=4731450&keyword=%EA%B0%A4%EB%9F%AD%EC%8B%9C%20A8%202016&cate=12215709,갤럭시 A8 2016
35,samsung,SM-A310,갤럭시 A3 2016,Galaxy A3 2016,https://namu.wiki/w/%EA%B0%A4%EB%9F%AD%EC%8B%9C%20A3(2016),https://review.cetizen.com/6234/view/3/6234/review,http://prod.danawa.com/info/?pcode=4107738&keyword=%EA%B0%A4%EB%9F%AD%EC%8B%9C%20A3%202016&cate=12215709,갤럭시 A3 2016
36,samsung,SM-A510,갤럭시 A5 2016,Galaxy A5 2016,https://namu.wiki/w/%EA%B0%A4%EB%9F%AD%EC%8B%9C%20A5(2016),https://review.cetizen.com/6235/view/3/6235/review,http://prod.danawa.com/info/?pcode=3765367&keyword=%EA%B0%A4%EB%9F%AD%EC%8B%9C%20A5%202016&cate=12215709,갤럭시 A5 2016
37,samsung,SM-A710,갤럭시 A7 2016,Galaxy A7 2016,https://namu.wiki/w/%EA%B0%A4%EB%9F%AD%EC%8B%9C%20A7(2016),https://review.cetizen.com/6236/view/3/6236/review,http://prod.danawa.com/info/?pcode=3765385&keyword=%EA%B0%A4%EB%9F%AD%EC%8B%9C%20A7%202016&cate=12215709,갤럭시 A7 2016
38,samsung,SM-A800,갤럭시 A8,Galaxy A8,https://namu.wiki/w/SM-A800,https://review.cetizen.com/6115/view/3/6115/review,http://prod.danawa.com/info/?pcode=4105260&keyword=%EA%B0%A4%EB%9F%AD%EC%8B%9C%20A8&cate=12215709,갤럭시 A8
39,samsung,SM-A500,갤럭시 A5,Galaxy A5,https://namu.wiki/w/SM-A500,https://review.cetizen.com/6009/view/3/6009/review,http://prod.danawa.com/info/?pcode=3050744&keyword=%EA%B0%A4%EB%9F%AD%EC%8B%9C%20A5&cate=12215709,갤럭시 A5
40,samsung,SM-A300,갤럭시 A3,Galaxy A3,https://namu.wiki/w/%EA%B0%A4%EB%9F%AD%EC%8B%9C%20S%20III?from=%EA%B0%A4%EB%9F%AD%EC%8B%9C%20S3,https://review.cetizen.com/6002/view/3/6002/review,,갤럭시 A3
41,samsung,SM-A700,갤럭시 A7,Galaxy A7,https://namu.wiki/w/SM-A700,https://review.cetizen.com/6018/view/3/6018/review,http://prod.danawa.com/info/?pcode=3756054&keyword=%EA%B0%A4%EB%9F%AD%EC%8B%9C%20A7%202015&cate=12215709,갤럭시 A7
42,samsung,SHW-M100,갤럭시 A,Galaxy A,https://namu.wiki/w/%EA%B0%A4%EB%9F%AD%EC%8B%9C%20A,https://review.cetizen.com/4749/view/3/4749/review,,갤럭시 A
43,samsung,SM-J250,갤럭시 J2 Pro,Galaxy J2 Pro,https://namu.wiki/w/%EA%B0%A4%EB%9F%AD%EC%8B%9C%20J2%20Pro,https://review.cetizen.com/6789/view/3/6789/review,http://prod.danawa.com/info/?pcode=6070306&keyword=%EA%B0%A4%EB%9F%AD%EC%8B%9C%20J2%20Pro&cate=12215709,갤럭시 J2 Pro
44,samsung,SM-J330,갤럭시 J3 2017,Galaxy J3 2017,https://namu.wiki/w/%EA%B0%A4%EB%9F%AD%EC%8B%9C%20J3(2017),https://review.cetizen.com/6639/view/3/6639/review,http://prod.danawa.com/info/?pcode=5529627&keyword=%EA%B0%A4%EB%9F%AD%EC%8B%9C%20J3%202017&cate=12215709,갤럭시 J3 2017
45,samsung,SM-J530,갤럭시 J5 2017,Galaxy J5 2017,https://namu.wiki/w/SM-J530,https://review.cetizen.com/6593/view/3/6593/review,http://prod.danawa.com/info/?pcode=5367404&keyword=%EA%B0%A4%EB%9F%AD%EC%8B%9C%20J5%202017&cate=12215709,갤럭시 J5 2017
46,samsung,SM-J730,갤럭시 J7 2017,Galaxy J7 2017,https://namu.wiki/w/SM-J730,https://review.cetizen.com/6611/view/3/6611/review,http://prod.danawa.com/info/?pcode=5381988&keyword=%EA%B0%A4%EB%9F%AD%EC%8B%9C%20J7%202017&cate=12215709,갤럭시 J7 2017
47,samsung,SM-J320,갤럭시 J3 2016,Galaxy J3 2016,https://namu.wiki/w/SM-J320,https://review.cetizen.com/6363/view/3/6363/review,http://prod.danawa.com/info/?pcode=4373517&keyword=%EA%B0%A4%EB%9F%AD%EC%8B%9C%20J3%202016&cate=12215709,갤럭시 J3 2016
48,samsung,SM-J710,갤럭시 J7 2016,Galaxy J7 2016,https://namu.wiki/w/%EA%B0%A4%EB%9F%AD%EC%8B%9C%20J7(2016),https://review.cetizen.com/6370/view/3/6370/review,http://prod.danawa.com/info/?pcode=4183224&keyword=%EA%B0%A4%EB%9F%AD%EC%8B%9C%20J7%202016&cate=12215709,갤럭시 J7 2016
49,samsung,SM-J510,갤럭시 J5 2016,Galaxy J5 2016,https://namu.wiki/w/SM-J510,https://review.cetizen.com/6375/view/3/6375/review,http://prod.danawa.com/info/?pcode=3973956&keyword=%EA%B0%A4%EB%9F%AD%EC%8B%9C%20J5%202016&cate=12215709,갤럭시 J5 2016
50,samsung,SM-J700,갤럭시 J7,Galaxy J7,https://namu.wiki/w/%EA%B0%A4%EB%9F%AD%EC%8B%9C%20J7,https://review.cetizen.com/6230/view/3/6230/review,http://prod.danawa.com/info/?pcode=3974897&keyword=%EA%B0%A4%EB%9F%AD%EC%8B%9C%20J7&cate=12215709,갤럭시 J7
51,samsung,SM-J600,갤럭시 J6,Galaxy J6,https://namu.wiki/w/%EA%B0%A4%EB%9F%AD%EC%8B%9C%20J6,https://review.cetizen.com/6868/view/3/6868/review,http://prod.danawa.com/info/?pcode=6421925&keyword=%EA%B0%A4%EB%9F%AD%EC%8B%9C%20J6%20%EA%B3%B5%EA%B8%B0%EA%B3%84&cate=12215709,갤럭시 J6
52,samsung,SM-J500,갤럭시 J5,Galaxy J5,https://namu.wiki/w/%EA%B0%A4%EB%9F%AD%EC%8B%9C%20J5,https://review.cetizen.com/6119/view/3/6119/review,http://prod.danawa.com/info/?pcode=4010928&keyword=%EA%B0%A4%EB%9F%AD%EC%8B%9C%20J5&cate=12215709,갤럭시 J5
53,samsung,SM-J415,갤럭시 J4 Plus,Galaxy J4 Plus,https://namu.wiki/w/%EA%B0%A4%EB%9F%AD%EC%8B%9C%20J4%2B,https://review.cetizen.com/6982/view/3/6982/review,http://prod.danawa.com/info/?pcode=6954982&keyword=%EA%B0%A4%EB%9F%AD%EC%8B%9C%20J4%20Plus&cate=12215709,갤럭시 J4 Plus
54,samsung,SM-G977,갤럭시S10 5G,GalaxyS10 5G,https://namu.wiki/w/SM-G977,https://review.cetizen.com/7084/view/3/7084/review,http://prod.danawa.com/info/?pcode=7657444&keyword=%EA%B0%A4%EB%9F%AD%EC%8B%9CS10%205G&cate=12215709,갤럭시S10 5G
55,samsung,SM-G970,갤럭시S10e,GalaxyS10e,https://namu.wiki/w/%EA%B0%A4%EB%9F%AD%EC%8B%9C%20S10e?from=%EA%B0%A4%EB%9F%AD%EC%8B%9Cs10e,https://review.cetizen.com/7034/view/3/7034/review,http://prod.danawa.com/info/?pcode=7377784&keyword=%EA%B0%A4%EB%9F%AD%EC%8B%9CS10e&cate=12215709,갤럭시S10e
56,samsung,SM-G973,갤럭시S10,GalaxyS10,https://namu.wiki/w/%EA%B0%A4%EB%9F%AD%EC%8B%9CS10,https://review.cetizen.com/7035/view/3/7035/review,http://prod.danawa.com/info/?pcode=7657444&keyword=%EA%B0%A4%EB%9F%AD%EC%8B%9CS10&cate=12215709,갤럭시S10
57,samsung,SM-G975,갤럭시S10 Plus,GalaxyS10 Plus,https://namu.wiki/w/%EA%B0%A4%EB%9F%AD%EC%8B%9C%20S10%2B,https://review.cetizen.com/7053/view/3/7053/review,http://prod.danawa.com/info/?pcode=7406875&keyword=%EA%B0%A4%EB%9F%AD%EC%8B%9CS10%20Plus&cate=12215709,갤럭시S10 Plus
58,samsung,SM-G960,갤럭시S9,GalaxyS9,https://namu.wiki/w/SM-G960,https://review.cetizen.com/6716/view/3/6716/review,http://prod.danawa.com/info/?pcode=5968376&keyword=%EA%B0%A4%EB%9F%AD%EC%8B%9CS9&cate=12215709,갤럭시S9
59,samsung,SM-G965,갤럭시S9 Plus,GalaxyS9 Plus,https://namu.wiki/w/SM-G965,https://review.cetizen.com/6723/view/3/6723/review,http://prod.danawa.com/info/?pcode=5968340&keyword=%EA%B0%A4%EB%9F%AD%EC%8B%9CS9%20Plus&cate=12215709,갤럭시S9 Plus
60,samsung,SM-G950,갤럭시S8,GalaxyS8,https://namu.wiki/w/SM-G950,https://review.cetizen.com/6512/view/3/6512/review,http://prod.danawa.com/info/?pcode=5102023&keyword=%EA%B0%A4%EB%9F%AD%EC%8B%9CS8&cate=12215709,갤럭시S8
61,samsung,SM-G955,갤럭시S8 Plus,GalaxyS8 Plus,https://namu.wiki/w/SM-G955,https://review.cetizen.com/6515/view/3/6515/review,http://prod.danawa.com/info/?pcode=5101866&keyword=%EA%B0%A4%EB%9F%AD%EC%8B%9CS8%20Plus&cate=12215709,갤럭시S8 Plus
62,samsung,SM-G930,갤럭시S7,GalaxyS7,https://namu.wiki/w/%EA%B0%A4%EB%9F%AD%EC%8B%9CS7,https://review.cetizen.com/6269/view/3/6269/review,http://prod.danawa.com/info/?pcode=3874088&keyword=%EA%B0%A4%EB%9F%AD%EC%8B%9CS7&cate=12215709,갤럭시S7
63,samsung,SM-G935,갤럭시S7 Edge,GalaxyS7 Edge,https://namu.wiki/w/%EA%B0%A4%EB%9F%AD%EC%8B%9C%20S7%20%EC%97%A3%EC%A7%80,https://review.cetizen.com/6477/view/3/6477/review,http://prod.danawa.com/info/?pcode=3897662&keyword=%EA%B0%A4%EB%9F%AD%EC%8B%9CS7%20Edge&cate=12215709,갤럭시S7 Edge
64,samsung,SM-G928,갤럭시S6 Edge Plus,GalaxyS6 Edge Plus,https://namu.wiki/w/%EA%B0%A4%EB%9F%AD%EC%8B%9C%20S6%20%EC%97%A3%EC%A7%80%2B?from=Galaxy%20S6%20Edge%20Plus,https://review.cetizen.com/6125/view/3/6125/review,http://prod.danawa.com/info/?pcode=3757660&keyword=%EA%B0%A4%EB%9F%AD%EC%8B%9CS6%20Edge%20Plus&cate=12215709,갤럭시S6 Edge Plus
65,samsung,SM-G925,갤럭시S6 Edge,GalaxyS6 Edge,https://namu.wiki/w/%EA%B0%A4%EB%9F%AD%EC%8B%9C%20S6%20%EC%97%A3%EC%A7%80?from=s6%20%EC%97%A3%EC%A7%80,https://review.cetizen.com/6038/view/3/6038/review,http://prod.danawa.com/info/?pcode=3757660&keyword=%EA%B0%A4%EB%9F%AD%EC%8B%9CS6%20Edge&cate=12215709,갤럭시S6 Edge
66,samsung,SM-G920,갤럭시S6,GalaxyS6,https://namu.wiki/w/%EA%B0%A4%EB%9F%AD%EC%8B%9CS6,https://review.cetizen.com/6028/view/3/6028/review,http://prod.danawa.com/info/?pcode=3977060&keyword=%EA%B0%A4%EB%9F%AD%EC%8B%9CS6&cate=12215709,갤럭시S6
67,samsung,SM-G900,갤럭시S5,GalaxyS5,https://namu.wiki/w/%EA%B0%A4%EB%9F%AD%EC%8B%9C%20S5,https://review.cetizen.com/5703/view/3/5703/review,http://prod.danawa.com/info/?pcode=3742021&keyword=%EA%B0%A4%EB%9F%AD%EC%8B%9CS5&cate=12215709,갤럭시S5
68,samsung,SM-G906,갤럭시S5 LTE-A,GalaxyS5 LTE-A,https://namu.wiki/w/%EA%B0%A4%EB%9F%AD%EC%8B%9CS5,https://review.cetizen.com/5828/view/3/5828/review,http://prod.danawa.com/info/?pcode=2862923&keyword=%EA%B0%A4%EB%9F%AD%EC%8B%9CS5%20LTE-A&cate=12215709,갤럭시S5 LTE-A
69,samsung,SHV-E300,갤럭시S4 ,GalaxyS4,https://namu.wiki/w/%EA%B0%A4%EB%9F%AD%EC%8B%9CS4,https://review.cetizen.com/5366/view/3/5366/review,http://prod.danawa.com/info/?pcode=2891800&keyword=%EA%B0%A4%EB%9F%AD%EC%8B%9CS4&cate=12215709,갤럭시S4 
70,samsung,SHV-E330,갤럭시S4 LTE-A,GalaxyS4 LTE-A,https://namu.wiki/w/%EA%B0%A4%EB%9F%AD%EC%8B%9CS4,https://review.cetizen.com/5409/view/3/5409/review,http://prod.danawa.com/info/?pcode=2891800&keyword=%EA%B0%A4%EB%9F%AD%EC%8B%9CS4%20LTE-A&cate=12215709,갤럭시S4 LTE-A
71,samsung,SHV-E470,갤럭시S4 Active,GalaxyS4 Active,https://namu.wiki/w/%EA%B0%A4%EB%9F%AD%EC%8B%9C%20S4%20Active,https://review.cetizen.com/5415/view/3/5415/review,http://prod.danawa.com/info/?pcode=2890218&keyword=%EA%B0%A4%EB%9F%AD%EC%8B%9CS4%20Active&cate=12215709,갤럭시S4 Active
72,samsung,SM-C105,갤럭시S4 Zoom,GalaxyS4 Zoom,https://namu.wiki/w/%EA%B0%A4%EB%9F%AD%EC%8B%9CS4%20Zoom,https://review.cetizen.com/5414/view/3/5414/review,http://prod.danawa.com/info/?pcode=2406024&keyword=%EA%B0%A4%EB%9F%AD%EC%8B%9CS4%20Zoom&cate=12215709,갤럭시S4 Zoom
73,samsung,SHV-E370,갤럭시S4 Mini,GalaxyS4 Mini,https://namu.wiki/w/%EA%B0%A4%EB%9F%AD%EC%8B%9C%20S4%20mini,https://review.cetizen.com/5413/view/3/5413/review,http://prod.danawa.com/info/?pcode=3782182&keyword=%EA%B0%A4%EB%9F%AD%EC%8B%9CS4%20Mini&cate=12215709,갤럭시S4 Mini
74,samsung,SHV-E210,갤럭시S3 LTE,GalaxyS3 LTE,https://namu.wiki/w/%EA%B0%A4%EB%9F%AD%EC%8B%9CS3%20LTE,https://review.cetizen.com/5226/view/3/5226/review,http://prod.danawa.com/info/?pcode=1727055&keyword=%EA%B0%A4%EB%9F%AD%EC%8B%9CS3%20LTE&cate=12215709,갤럭시S3 LTE
75,samsung,SHV-M440,갤럭시S3 3G,GalaxyS3 3G,https://namu.wiki/w/%EA%B0%A4%EB%9F%AD%EC%8B%9C%20S%20III?from=%EA%B0%A4%EB%9F%AD%EC%8B%9CS3,,http://prod.danawa.com/info/?pcode=1726980&keyword=%EA%B0%A4%EB%9F%AD%EC%8B%9CS3%203G&cate=12215709,갤럭시S3 3G
76,samsung,SHW-M250,갤럭시S2 ,GalaxyS2,https://namu.wiki/w/%EA%B0%A4%EB%9F%AD%EC%8B%9CS2,https://review.cetizen.com/4980/view/3/4980/review,http://prod.danawa.com/info/?pcode=1580758&keyword=%EA%B0%A4%EB%9F%AD%EC%8B%9CS2&cate=12215709,갤럭시S2 
77,samsung,SHV-E120,갤럭시S2 HD LTE,GalaxyS2 HD LTE,https://namu.wiki/w/%EA%B0%A4%EB%9F%AD%EC%8B%9C%20S%20II%20HD%20LTE,https://review.cetizen.com/5110/view/3/5110/review,http://prod.danawa.com/info/?pcode=1580758&keyword=%EA%B0%A4%EB%9F%AD%EC%8B%9CS2%20HD%20LTE&cate=12215709,갤럭시S2 HD LTE
78,samsung,SHV-E110,갤럭시S2 LTE,GalaxyS2 LTE,https://namu.wiki/w/%EA%B0%A4%EB%9F%AD%EC%8B%9CS2,https://review.cetizen.com/5065/view/3/5065/review,http://prod.danawa.com/info/?pcode=1580758&keyword=%EA%B0%A4%EB%9F%AD%EC%8B%9CS2%20LTE&cate=12215709,갤럭시S2 LTE
79,samsung,SHW-M110,갤럭시S,GalaxyS,https://namu.wiki/w/%EA%B0%A4%EB%9F%AD%EC%8B%9CS,https://review.cetizen.com/4785/view/3/4785/review,,갤럭시S
80,samsung,SHW-M190,갤럭시S Hoppin,GalaxyS Hoppin,https://namu.wiki/w/%EA%B0%A4%EB%9F%AD%EC%8B%9C%20S%20%ED%98%B8%ED%95%80,https://review.cetizen.com/4937/view/3/4937/review,http://prod.danawa.com/info/?pcode=1295971&keyword=%EA%B0%A4%EB%9F%AD%EC%8B%9C%20s%20%ED%98%B8%ED%95%80&cate=12215709,갤럭시S Hoppin
81,samsung,SM-G720,갤럭시그랜드 맥스,GalaxyGrand Max,https://namu.wiki/w/%EA%B0%A4%EB%9F%AD%EC%8B%9C%20%EA%B7%B8%EB%9E%9C%EB%93%9C%20%EB%A7%A5%EC%8A%A4,https://review.cetizen.com/6022/view/3/6022/review,http://prod.danawa.com/info/?pcode=3852244&keyword=%EA%B0%A4%EB%9F%AD%EC%8B%9C%EA%B7%B8%EB%9E%9C%EB%93%9C%20%EB%A7%A5%EC%8A%A4&cate=12215709,갤럭시그랜드 맥스
82,samsung,SM-G710,갤럭시그랜드2,GalaxyGrand2,https://namu.wiki/w/%EA%B0%A4%EB%9F%AD%EC%8B%9C%20%EA%B7%B8%EB%9E%9C%EB%93%9C2,https://review.cetizen.com/5724/view/3/5724/review,http://prod.danawa.com/info/?pcode=4011193&keyword=%EA%B0%A4%EB%9F%AD%EC%8B%9C%EA%B7%B8%EB%9E%9C%EB%93%9C2&cate=12215709,갤럭시그랜드2
83,samsung,SHV-E270,갤럭시그랜드,GalaxyGrand,https://namu.wiki/w/%EA%B0%A4%EB%9F%AD%EC%8B%9C%20%EA%B7%B8%EB%9E%9C%EB%93%9C,https://review.cetizen.com/5325/view/3/5325/review,http://prod.danawa.com/info/?pcode=2034488&keyword=%EA%B0%A4%EB%9F%AD%EC%8B%9C%20%EA%B7%B8%EB%9E%9C%EB%93%9C&cate=12215709,갤럭시그랜드
84,samsung,SM-N971,갤럭시노트10,GalaxyNote10,https://namu.wiki/w/%EA%B0%A4%EB%9F%AD%EC%8B%9C%20%EB%85%B8%ED%8A%B810,https://review.cetizen.com/7174/view/3/7174/review,http://prod.danawa.com/info/?pcode=9226611&keyword=%EA%B0%A4%EB%9F%AD%EC%8B%9C%20%EB%85%B8%ED%8A%B810&cate=122514,갤럭시노트10
85,samsung,SM-N976,갤럭시노트10 Plus,GalaxyNote10 Plus,https://namu.wiki/w/%EA%B0%A4%EB%9F%AD%EC%8B%9C%20%EB%85%B8%ED%8A%B810%2B,https://review.cetizen.com/7178/view/3/7178/review,http://prod.danawa.com/info/?pcode=9227064&keyword=%EA%B0%A4%EB%9F%AD%EC%8B%9C%EB%85%B8%ED%8A%B810%20Plus&cate=122515,갤럭시노트10 Plus
86,samsung,SM-N960,갤럭시노트9,GalaxyNote9,https://namu.wiki/w/%EA%B0%A4%EB%9F%AD%EC%8B%9C%EB%85%B8%ED%8A%B89,https://review.cetizen.com/6869/view/3/6869/review,http://prod.danawa.com/info/?pcode=6469543&keyword=%EA%B0%A4%EB%9F%AD%EC%8B%9C%EB%85%B8%ED%8A%B89&cate=12215709,갤럭시노트9
87,samsung,SM-N950,갤럭시노트8,GalaxyNote8,https://namu.wiki/w/%EA%B0%A4%EB%9F%AD%EC%8B%9C%20%EB%85%B8%ED%8A%B88,https://review.cetizen.com/6722/view/3/6722/review,http://prod.danawa.com/info/?pcode=5508428&keyword=%EA%B0%A4%EB%9F%AD%EC%8B%9C%20%EB%85%B8%ED%8A%B8%208&cate=12215709,갤럭시노트8
88,samsung,SM-N935,갤럭시노트FE,GalaxyNoteFE,https://namu.wiki/w/%EA%B0%A4%EB%9F%AD%EC%8B%9C%20%EB%85%B8%ED%8A%B8%20FE?from=%EB%85%B8%ED%8A%B8%20FE,https://review.cetizen.com/6596/view/3/6596/review,http://prod.danawa.com/info/?pcode=5323786&keyword=%EA%B0%A4%EB%9F%AD%EC%8B%9C%EB%85%B8%ED%8A%B8FE&cate=12215709,갤럭시노트FE
89,samsung,SM-N930,갤럭시노트7,GalaxyNote7,https://namu.wiki/w/%EA%B0%A4%EB%9F%AD%EC%8B%9C%EB%85%B8%ED%8A%B87,https://review.cetizen.com/6411/view/3/6411/review,http://prod.danawa.com/info/?pcode=4359853&keyword=%EA%B0%A4%EB%9F%AD%EC%8B%9C%EB%85%B8%ED%8A%B87&cate=122516,갤럭시노트7
90,samsung,SM-N920,갤럭시노트5,GalaxyNote5,https://namu.wiki/w/%EA%B0%A4%EB%9F%AD%EC%8B%9C%EB%85%B8%ED%8A%B85,https://review.cetizen.com/6124/view/3/6124/review,http://prod.danawa.com/info/?pcode=3412914&keyword=%EA%B0%A4%EB%9F%AD%EC%8B%9C%EB%85%B8%ED%8A%B85&cate=12215709,갤럭시노트5
91,samsung,SM-N910,갤럭시노트4,GalaxyNote4,https://namu.wiki/w/%EA%B0%A4%EB%9F%AD%EC%8B%9C%20%EB%85%B8%ED%8A%B84,https://review.cetizen.com/5884/view/3/5884/review,http://prod.danawa.com/info/?pcode=3784286&keyword=%EA%B0%A4%EB%9F%AD%EC%8B%9C%EB%85%B8%ED%8A%B84&cate=12215709,갤럭시노트4
92,samsung,SM-N916,갤럭시노트4 S-LTE,GalaxyNote4 S-LTE,https://namu.wiki/w/%EA%B0%A4%EB%9F%AD%EC%8B%9C%20%EB%85%B8%ED%8A%B84,https://review.cetizen.com/6015/view/3/6015/review,http://prod.danawa.com/info/?pcode=3784286&keyword=%EA%B0%A4%EB%9F%AD%EC%8B%9C%EB%85%B8%ED%8A%B84&cate=12215709,갤럭시노트4 S-LTE
93,samsung,SM-N915,갤럭시노트4 Edge,GalaxyNote4 Edge,https://namu.wiki/w/%EA%B0%A4%EB%9F%AD%EC%8B%9C%EB%85%B8%ED%8A%B84,https://review.cetizen.com/5937/view/3/5937/review,http://prod.danawa.com/info/?pcode=3403699&keyword=%EA%B0%A4%EB%9F%AD%EC%8B%9C%EB%85%B8%ED%8A%B8%204%20Edge&cate=12215709,갤럭시노트4 Edge
94,samsung,SM-N900,갤럭시노트3,GalaxyNote3,https://namu.wiki/w/%EA%B0%A4%EB%9F%AD%EC%8B%9C%EB%85%B8%ED%8A%B83,https://review.cetizen.com/5474/view/3/5474/review,http://prod.danawa.com/info/?pcode=2227612&keyword=%EA%B0%A4%EB%9F%AD%EC%8B%9C%20%EB%85%B8%ED%8A%B8%203&cate=12215709,갤럭시노트3
95,samsung,SM-N750,갤럭시노트3 Neo,GalaxyNote3 Neo,https://namu.wiki/w/%EA%B0%A4%EB%9F%AD%EC%8B%9C%20%EB%85%B8%ED%8A%B83%20%EB%84%A4%EC%98%A4,https://review.cetizen.com/5753/view/3/5753/review,http://prod.danawa.com/info/?pcode=2863262&keyword=%EA%B0%A4%EB%9F%AD%EC%8B%9C%EB%85%B8%ED%8A%B83%20Neo&cate=12215709,갤럭시노트3 Neo
96,samsung,SHV-E250,갤럭시노트2,GalaxyNote2,https://namu.wiki/w/%EA%B0%A4%EB%9F%AD%EC%8B%9C%20%EB%85%B8%ED%8A%B8%20II,https://review.cetizen.com/5253/view/3/5253/review,http://prod.danawa.com/info/?pcode=1806749&keyword=%EA%B0%A4%EB%9F%AD%EC%8B%9C%20%EB%85%B8%ED%8A%B8%202&cate=12215709,갤럭시노트2
97,samsung,SHV-E160,갤럭시노트,GalaxyNote,https://namu.wiki/w/%EA%B0%A4%EB%9F%AD%EC%8B%9C%EB%85%B8%ED%8A%B8,https://review.cetizen.com/5099/view/3/5099/review,http://prod.danawa.com/info/?pcode=1580752&keyword=%EA%B0%A4%EB%9F%AD%EC%8B%9C%20%EB%85%B8%ED%8A%B8&cate=12215709,갤럭시노트
98,samsung,SM-G160,갤럭시폴더2,GalaxyFolder2,https://namu.wiki/w/%EA%B0%A4%EB%9F%AD%EC%8B%9C%20%ED%8F%B4%EB%8D%942,https://review.cetizen.com/6580/view/3/6580/review,http://prod.danawa.com/info/?pcode=13786550&keyword=%EA%B0%A4%EB%9F%AD%EC%8B%9C%ED%8F%B4%EB%8D%942&cate=12215709,갤럭시폴더2
99,samsung,SM-G610,갤럭시 온7 2016,Galaxy On7 2016,https://namu.wiki/w/%EA%B0%A4%EB%9F%AD%EC%8B%9C%20On7(2016),https://review.cetizen.com/6474/view/3/6474/review,http://prod.danawa.com/info/?pcode=5354605&keyword=%EA%B0%A4%EB%9F%AD%EC%8B%9C%20%EC%98%A87%202016&cate=12215709,갤럭시 온7 2016
100,samsung,SM-G600,갤럭시와이드,GalaxyWide,https://namu.wiki/w/%EA%B0%A4%EB%9F%AD%EC%8B%9C%20%EC%99%80%EC%9D%B4%EB%93%9C,https://review.cetizen.com/6403/view/3/6403/review,,갤럭시와이드
101,samsung,SM-J737,갤럭시와이드3,GalaxyWide3,https://namu.wiki/w/%EA%B0%A4%EB%9F%AD%EC%8B%9C%20%EC%99%80%EC%9D%B4%EB%93%9C3,https://review.cetizen.com/6805/view/3/6805/review,http://prod.danawa.com/info/?pcode=6537612&keyword=%EA%B0%A4%EB%9F%AD%EC%8B%9C%EC%99%80%EC%9D%B4%EB%93%9C&cate=12215709,갤럭시와이드3
102,samsung,SM-G850,갤럭시알파,GalaxyAlpha,https://namu.wiki/w/%EA%B0%A4%EB%9F%AD%EC%8B%9C%20%EC%95%8C%ED%8C%8C,https://review.cetizen.com/5889/view/3/5889/review,http://prod.danawa.com/info/?pcode=2996759&keyword=%EA%B0%A4%EB%9F%AD%EC%8B%9C%EC%95%8C%ED%8C%8C&cate=12215709,갤럭시알파
103,samsung,SHW-M585,갤럭시코어,GalaxyCore,https://namu.wiki/w/%EA%B0%A4%EB%9F%AD%EC%8B%9C%20%EC%BD%94%EC%96%B4,https://review.cetizen.com/5863/view/3/5863/review,http://prod.danawa.com/info/?pcode=3764065&keyword=%EA%B0%A4%EB%9F%AD%EC%8B%9C%EC%BD%94%EC%96%B4&cate=12215709,갤럭시코어
104,samsung,SHW-M580,갤럭시코어 Safe,GalaxyCore Safe,https://namu.wiki/w/%EA%B0%A4%EB%9F%AD%EC%8B%9C%20%EC%BD%94%EC%96%B4?from=%EA%B0%A4%EB%9F%AD%EC%8B%9C%20%EC%BD%94%EC%96%B4%20%EC%84%B8%EC%9D%B4%ED%94%84,https://review.cetizen.com/6400/view/3/6400/review,,갤럭시코어 Safe
105,samsung,SHW-M570,갤럭시코어 Advance,GalaxyCore Advance,https://namu.wiki/w/%EA%B0%A4%EB%9F%AD%EC%8B%9C%20%EC%BD%94%EC%96%B4%20%EC%96%B4%EB%93%9C%EB%B0%B4%EC%8A%A4,https://review.cetizen.com/5712/view/3/5712/review,http://prod.danawa.com/info/?pcode=3964790&keyword=%EA%B0%A4%EB%9F%AD%EC%8B%9C%EC%BD%94%EC%96%B4%20Advance&cate=12215709,갤럭시코어 Advance
106,samsung,SM-T255,갤럭시W,GalaxyW,https://namu.wiki/w/%EA%B0%A4%EB%9F%AD%EC%8B%9C%20W,https://review.cetizen.com/5821/view/3/5821/review,http://prod.danawa.com/info/?pcode=2862247&keyword=%EA%B0%A4%EB%9F%AD%EC%8B%9CW&cate=12215709,갤럭시W
107,samsung,SM-C115,갤럭시줌2,GalaxyZoom2,https://namu.wiki/w/%EA%B0%A4%EB%9F%AD%EC%8B%9C%20%EC%A4%8C2,https://review.cetizen.com/5786/view/3/5786/review,http://prod.danawa.com/info/?pcode=2863052&keyword=%EA%B0%A4%EB%9F%AD%EC%8B%9C%EC%A4%8C2&cate=12215709,갤럭시줌2
108,samsung,SHV-E500,갤럭시윈,GalaxyWin,https://namu.wiki/w/%EA%B0%A4%EB%9F%AD%EC%8B%9C%20Win?from=%EA%B0%A4%EB%9F%AD%EC%8B%9C%20%EC%9C%88,https://review.cetizen.com/5560/view/3/5560/review,http://prod.danawa.com/info/?pcode=3982730&keyword=%EA%B0%A4%EB%9F%AD%EC%8B%9C%EC%9C%88&cate=12215709,갤럭시윈
109,samsung,SM-G910,갤럭시라운드,GalaxyRound,https://namu.wiki/w/%EA%B0%A4%EB%9F%AD%EC%8B%9C%20%EB%9D%BC%EC%9A%B4%EB%93%9C,https://review.cetizen.com/5519/view/3/5519/review,http://prod.danawa.com/info/?pcode=3979044&keyword=%EA%B0%A4%EB%9F%AD%EC%8B%9C%EB%9D%BC%EC%9A%B4%EB%93%9C&cate=12215709,갤럭시라운드
110,samsung,SHV-E400,갤럭시골든,GalaxyGolden,https://namu.wiki/w/%EA%B0%A4%EB%9F%AD%EC%8B%9C%20%EA%B3%A8%EB%93%A0,https://review.cetizen.com/5464/view/3/5464/review,http://prod.danawa.com/info/?pcode=2892008&keyword=%EA%B0%A4%EB%9F%AD%EC%8B%9C%EA%B3%A8%EB%93%A0&cate=12215709,갤럭시골든
111,samsung,SHV-E310,갤럭시메가 6.3,GalaxyMega 6.3,https://namu.wiki/w/%EA%B0%A4%EB%9F%AD%EC%8B%9C%20%EB%A9%94%EA%B0%80%206.3,https://review.cetizen.com/5410/view/3/5410/review,http://prod.danawa.com/info/?pcode=2249077&keyword=%EA%B0%A4%EB%9F%AD%EC%8B%9C%EB%A9%94%EA%B0%80%206.3&cate=12215709,갤럭시메가 6.3
112,samsung,SHV-E220,갤럭시팝,GalaxyPop,https://namu.wiki/w/%EA%B0%A4%EB%9F%AD%EC%8B%9C%ED%8C%9D,https://review.cetizen.com/5341/view/3/5341/review,http://prod.danawa.com/info/?pcode=1968716&keyword=%EA%B0%A4%EB%9F%AD%EC%8B%9C%ED%8C%9D&cate=12215709,갤럭시팝
113,samsung,SHV-E170,갤럭시R style,GalaxyR style,https://namu.wiki/w/%EA%B0%A4%EB%9F%AD%EC%8B%9C%20R%20%EC%8A%A4%ED%83%80%EC%9D%BC,https://review.cetizen.com/5215/view/3/5215/review,http://prod.danawa.com/info/?pcode=1798624&keyword=%EA%B0%A4%EB%9F%AD%EC%8B%9C%20R%20%EC%8A%A4%ED%83%80%EC%9D%BC&cate=122516,갤럭시R style
114,samsung,SHW-M340,갤럭시M style,GalaxyM style,https://namu.wiki/w/%EA%B0%A4%EB%9F%AD%EC%8B%9C%20M%20%EC%8A%A4%ED%83%80%EC%9D%BC,https://review.cetizen.com/5143/view/3/5143/review,http://prod.danawa.com/info/?pcode=1585528&keyword=%EA%B0%A4%EB%9F%AD%EC%8B%9CM%20style&cate=12215709,갤럭시M style
115,samsung,SHW-M240,갤럭시에이스,GalaxyAce,https://namu.wiki/w/%EA%B0%A4%EB%9F%AD%EC%8B%9C%20%EC%97%90%EC%9D%B4%EC%8A%A4,https://review.cetizen.com/4972/view/3/4972/review,http://prod.danawa.com/info/?pcode=1313545&keyword=%EA%B0%A4%EB%9F%AD%EC%8B%9C%20%EC%97%90%EC%9D%B4%EC%8A%A4&cate=122514,갤럭시에이스
116,samsung,SHW-M130,갤럭시U,GalaxyU,https://namu.wiki/w/%EA%B0%A4%EB%9F%AD%EC%8B%9CU,https://review.cetizen.com/4846/view/3/4846/review,http://prod.danawa.com/info/?pcode=1140531&keyword=%EA%B0%A4%EB%9F%AD%EC%8B%9C%20U&cate=122516,갤럭시U
117,samsung,SM-A202,갤럭시진2,GalaxyJean2,https://namu.wiki/w/%EA%B0%A4%EB%9F%AD%EC%8B%9C%20Jean2?from=%EA%B0%A4%EB%9F%AD%EC%8B%9C%20%EC%A7%842,https://review.cetizen.com/7128/view/3/7128/review,http://prod.danawa.com/info/?pcode=8204440&keyword=%EA%B0%A4%EB%9F%AD%EC%8B%9C%EC%A7%842&cate=12215709,갤럭시진2
118,samsung,SM-J415-KA,카카오 리틀프렌즈 폰2,kakao LittleFriends Phone2,https://namu.wiki/w/%EA%B0%A4%EB%9F%AD%EC%8B%9C%20J4%2B#s-4.3.1,,,카카오 리틀프렌즈 폰2
119,samsung,SM-G611,갤럭시 온7 프라임,Galaxy On7 Prime,https://namu.wiki/w/SM-G611,https://review.cetizen.com/6732/view/3/6732/review,http://prod.danawa.com/info/?pcode=5987904&keyword=%EA%B0%A4%EB%9F%AD%EC%8B%9C%20%EC%98%A87%20%ED%94%84%EB%9D%BC%EC%9E%84&cate=12215709,갤럭시 온7 프라임
121,samsung,SM-B510,삼성 마스터폰 ,Samsung MasterPhone KT 3G,https://namu.wiki/w/%EC%82%BC%EC%84%B1%20%EB%A7%88%EC%8A%A4%ED%84%B0,https://review.cetizen.com/5809/view/1/5809/review,http://prod.danawa.com/info/?pcode=2863197&keyword=%EC%82%BC%EC%84%B1%20%EB%A7%88%EC%8A%A4%ED%84%B0%ED%8F%B0&cate=12215709,삼성 마스터폰 
122,samsung,SM-B510,삼성 마스터폰 SKT 3G,Samsung MasterPhone SKT 3G,https://namu.wiki/w/%EC%82%BC%EC%84%B1%20%EB%A7%88%EC%8A%A4%ED%84%B0,https://review.cetizen.com/5809/view/1/5809/review,http://prod.danawa.com/info/?pcode=2863197&keyword=%EC%82%BC%EC%84%B1%20%EB%A7%88%EC%8A%A4%ED%84%B0%ED%8F%B0&cate=12215709,삼성 마스터폰 SKT 3G
123,samsung,SM-B510,삼성 마스터폰 LG 3G,Samsung MasterPhone LG 3G,https://namu.wiki/w/%EC%82%BC%EC%84%B1%20%EB%A7%88%EC%8A%A4%ED%84%B0,https://review.cetizen.com/5809/view/1/5809/review,http://prod.danawa.com/info/?pcode=2863197&keyword=%EC%82%BC%EC%84%B1%20%EB%A7%88%EC%8A%A4%ED%84%B0%ED%8F%B0&cate=12215709,삼성 마스터폰 LG 3G
124,lg,LG-F370,F70,F70,https://namu.wiki/w/LG%20F70,https://review.cetizen.com/5737/view/3/5737/review,,F70
125,lg,LM-G820,G8 ThinQ,G8 ThinQ,https://namu.wiki/w/LG%20G8%20ThinQ,https://review.cetizen.com/7057/view/3/7057/review,http://prod.danawa.com/info/?pcode=7535677&keyword=G8%20ThinQ&cate=12215709,G8 ThinQ
126,lg,LM-G710,G7 ThinQ,G7 ThinQ,https://namu.wiki/w/LG%20G7%20ThinQ,https://review.cetizen.com/6777/view/3/6777/review,http://prod.danawa.com/info/?pcode=6160544&keyword=G7%20ThinQ&cate=12215709,G7 ThinQ
127,lg,LM-G710P,G7 ThinQ Plus,G7 ThinQ Plus,https://namu.wiki/w/G7%20ThinQ,,http://prod.danawa.com/info/?pcode=6181446&keyword=G7%20ThinQ%20Plus&cate=12215709,G7 ThinQ Plus
128,lg,LGM-G600,G6 ThinQ,G6 ThinQ,https://namu.wiki/w/LGM-G600,https://review.cetizen.com/6583/view/3/6583/review,,G6 ThinQ
129,lg,LGM-G600P,G6 ThinQ Plus,G6 ThinQ Plus,https://namu.wiki/w/LG%20G6%20ThinQ,,,G6 ThinQ Plus
130,lg,LG-F700,G5,G5,https://namu.wiki/w/LG-F700,https://review.cetizen.com/6270/view/3/6270/review,http://prod.danawa.com/info/?pcode=4044992&keyword=G5&cate=12215709,G5
131,lg,LG-F500,G4,G4,https://namu.wiki/w/LG-F500,https://review.cetizen.com/6031/view/3/6031/review,http://prod.danawa.com/info/?pcode=3952812&keyword=G4&cate=12215709,G4
132,lg,LG-F400,G3,G3,https://namu.wiki/w/LG-F400,https://review.cetizen.com/5785/view/3/5785/review,http://prod.danawa.com/info/?pcode=2863090&keyword=G3&cate=12215709,G3
133,lg,LG-F410,G3 A,G3 A,https://namu.wiki/w/G3%20A,https://review.cetizen.com/5861/view/3/5861/review,"http://prod.danawa.com/info/?pcode=2996636&keyword=lg%EC%A0%84%EC%9E%90%20%20g3%20a%2032gb,%20%EA%B3%B5%EA%B8%B0%EA%B3%84&cate=12215709",G3 A
134,lg,LG-F470,G3 Beat,G3 Beat,https://namu.wiki/w/LG%20G3%20Beat,https://review.cetizen.com/5843/view/3/5843/review,http://prod.danawa.com/info/?pcode=2863062&keyword=G3%20Beat&cate=12215709,G3 Beat
135,lg,LG-F490,G3 Screen,G3 Screen,https://namu.wiki/w/LG%20G3%20Screen,https://review.cetizen.com/5951/view/3/5951/review,http://prod.danawa.com/info/?pcode=2863111&keyword=G3%20Screen&cate=12215709,G3 Screen
136,lg,LG-F460,G3.Cat6,G3.Cat6,https://namu.wiki/w/LG%20G3,https://review.cetizen.com/5852/view/3/5852/review,http://prod.danawa.com/info/?pcode=3980305&keyword=G3.Cat6&cate=12215709,G3.Cat6
137,lg,LG-F320,G2,G2,https://namu.wiki/w/LG-F320,https://review.cetizen.com/5458/view/3/5458/review,http://prod.danawa.com/info/?pcode=3783484&keyword=G2&cate=12215709,G2
138,lg,LG-F350,G Pro2,G Pro2,https://namu.wiki/w/LG%20G%20Pro%202?from=%EC%A7%80%ED%94%84%EB%A1%9C2,https://review.cetizen.com/5706/view/3/5706/review,http://prod.danawa.com/info/?pcode=3049663&keyword=LG%20G%20Pro2&cate=12215709,G Pro2
139,lg,LG-F430,Gx2,Gx2,https://namu.wiki/w/LG%20Gx2,https://review.cetizen.com/5914/view/3/5914/review,http://prod.danawa.com/info/?pcode=4076212&keyword=Gx2&cate=12215709,Gx2
140,lg,LG-F310,Gx,Gx,https://namu.wiki/w/LG%20Gx%20%EB%A1%9C%EB%B0%8D,https://review.cetizen.com/5926/view/3/5926/review,http://prod.danawa.com/info/?pcode=2863160&keyword=Gx&cate=12215709,Gx
141,lg,LG-F510,G Flex2,G Flex2,https://namu.wiki/w/LG%20G%20Flex%202?from=%EC%A7%80%ED%94%8C%EB%A0%89%EC%8A%A4%202,https://review.cetizen.com/6012/view/3/6012/review,http://prod.danawa.com/info/?pcode=5309787&keyword=G%20Flex2&cate=12215709,G Flex2
142,lg,LG-F340,G Flex,G Flex,https://namu.wiki/w/G%20Flex,https://review.cetizen.com/5550/view/3/5550/review,http://prod.danawa.com/info/?pcode=5309787&keyword=G%20Flex&cate=12215709,G Flex
143,lg,LG-Q720CS,Stylo 5,Stylo 5,,,,Stylo 5
144,lg,LG-Q720AM,Stylo 5 Plus,Stylo 5 Plus,,,,Stylo 5 Plus
145,lg,LG-MP450,Stylus 3,Stylus 3,,,,Stylus 3
146,lg,LG-F720,Stylus 2,Stylus 2,https://namu.wiki/w/LG%20Stylus%202,https://review.cetizen.com/6305/view/3/6305/review,http://prod.danawa.com/info/?pcode=4566006&keyword=Stylus%202&cate=12215709,Stylus 2
147,lg,LG-F560,G 스타일로,G Stylo,https://namu.wiki/w/LG%20G%20Stylo,https://review.cetizen.com/6066/view/3/6066/review,http://prod.danawa.com/info/?pcode=5283006&keyword=G%20%EC%8A%A4%ED%83%80%EC%9D%BC%EB%A1%9C&cate=12215709,G 스타일로
148,lg,LG-D690,G3 Stylus,G3 Stylus,,https://review.cetizen.com/5874/view/3/5874/review,,G3 Stylus
149,lg,LG-F670,K10,K10,https://namu.wiki/w/LG%20K10,https://review.cetizen.com/6257/view/3/6257/review,http://prod.danawa.com/info/?pcode=3978622&keyword=K10&cate=12215709,K10
150,lg,LG-F820,U폰,U phone,https://namu.wiki/w/LG%20U%ED%8F%B0,https://review.cetizen.com/6473/view/3/6473/review,,U폰
151,lg,LG-F620,클래스,LG CLASS,https://namu.wiki/w/LG%20CLASS,https://review.cetizen.com/6195/view/3/6195/review,http://prod.danawa.com/info/?pcode=3965395&keyword=%ED%81%B4%EB%9E%98%EC%8A%A4&cate=12215709,클래스
152,lg,LG-F540,볼트,LG Volt,https://namu.wiki/w/LG%20Volt,https://review.cetizen.com/6063/view/3/6063/review,,볼트
153,lg,LG-F520,아카,LG AKA,https://namu.wiki/w/LG-F520,https://review.cetizen.com/5952/view/3/5952/review,http://prod.danawa.com/info/?pcode=4816822&keyword=lg%20%EC%95%84%EC%B9%B4&cate=12215709,아카
154,lg,LM-Q925,Q9,Q9,https://namu.wiki/w/LG%20Q9,https://review.cetizen.com/7017/view/3/7017/review,http://prod.danawa.com/info/?pcode=7049953&keyword=Q9&cate=12215709,Q9
155,lg,LM-Q927,Q9 One,Q9 One,https://namu.wiki/w/Q9%20One,https://review.cetizen.com/7023/view/3/7023/review,http://prod.danawa.com/info/?pcode=10292367&keyword=Q9%20One&cate=12215709,Q9 One
156,lg,LM-Q815,Q8 2018,Q8 2018,https://namu.wiki/w/LG%20Q8(2018),https://review.cetizen.com/6887/view/3/6887/review,http://prod.danawa.com/info/?pcode=6473232&keyword=Q8%202018&cate=12215709,Q8 2018
157,lg,LGM-X800,Q8,Q Stylus Plus,https://namu.wiki/w/LGM-X800,https://review.cetizen.com/6657/view/3/6657/review,http://prod.danawa.com/info/?pcode=6712003&keyword=lg%20Q8&cate=12215709,Q8
158,lg,LMQ710,Q Stylus,Q Stylus,,,,Q Stylus
159,lg,LMQ710HS,Q Stylus Alpha,Q Stylus Alpha,,,,Q Stylus Alpha
160,lg,LM-Q720,Q7,Q7,https://namu.wiki/w/LG%20Q7,https://review.cetizen.com/6829/view/3/6829/review,http://prod.danawa.com/info/?pcode=6314974&keyword=Q7&cate=12215709,Q7
161,lg,LM-Q725,Q7 Plus,Q7 Plus,https://namu.wiki/w/LG%20Q7?from=LG%20Q7%2B,https://review.cetizen.com/6829/view/3/6829/review,http://prod.danawa.com/info/?pcode=6341905&keyword=Q7%20Plus&cate=12215709,Q7 Plus
162,lg,LG-X600,Q6,Q6,https://namu.wiki/w/Q6,https://review.cetizen.com/6619/view/3/6619/review,http://prod.danawa.com/info/?pcode=5463646&keyword=Q6&cate=122514,Q6
163,lg,LGM-X600,Q6 Plus,Q6 Plus,https://namu.wiki/w/LGM-X600,https://review.cetizen.com/6619/view/3/6619/review,,Q6 Plus
164,lg,LM-V500,V50 ThinQ,V50 ThinQ,https://namu.wiki/w/LG%20V50%20ThinQ,https://review.cetizen.com/7058/view/3/7058/review,http://prod.danawa.com/info/?pcode=7925485&keyword=V50%20ThinQ&cate=12215709,V50 ThinQ
165,lg,LM-V510,V50s ThinQ,V50s ThinQ,https://namu.wiki/w/LG%20V50S%20ThinQ,https://review.cetizen.com/7252/view/3/7252/review,http://prod.danawa.com/info/?pcode=9598581&keyword=V50s%20ThinQ&cate=122514,V50s ThinQ
166,lg,LM-V409,V40 ThinQ,V40 ThinQ,https://namu.wiki/w/LG%20V40%20ThinQ,https://review.cetizen.com/6935/view/3/6935/review,http://prod.danawa.com/info/?pcode=6550960&keyword=V40%20ThinQ&cate=12215709,V40 ThinQ
167,lg,LM-V350,V35,V35,https://namu.wiki/w/LG%20V35%20ThinQ,https://review.cetizen.com/6862/view/3/6862/review,http://prod.danawa.com/info/?pcode=6474863&keyword=V35&cate=12215709,V35
168,lg,LGM-V300S,V30s ThinQ,V30s ThinQ,https://namu.wiki/w/LG%20V30%20ThinQ,https://review.cetizen.com/6737/view/3/6737/review,,V30s ThinQ
169,lg,LGM-V300,V30,V30,https://namu.wiki/w/LGM-V300,https://review.cetizen.com/6737/view/3/6737/review,http://prod.danawa.com/info/?pcode=5563526&keyword=V30&cate=12215709,V30
170,lg,LG-F800,V20,V20,https://namu.wiki/w/LG-F800,https://review.cetizen.com/6414/view/3/6414/review,http://prod.danawa.com/info/?pcode=4587746&keyword=V20&cate=12215709,V20
171,lg,LG-F600,V10,V10,https://namu.wiki/w/LG-F600,https://review.cetizen.com/6206/view/3/6206/review,http://prod.danawa.com/info/?pcode=5807620&keyword=V10&cate=12215709,V10
172,lg,LM-X510,X5 2018,X5 2018,https://namu.wiki/w/LG%20X5(2018),https://review.cetizen.com/6821/view/3/6821/review,http://prod.danawa.com/info/?pcode=6209412&keyword=X5%202018&cate=122515,X5 2018
173,lg,LM-X410,X4,X4,https://namu.wiki/w/LG%20X4,https://review.cetizen.com/6752/view/3/6752/review,http://prod.danawa.com/info/?pcode=7908040&keyword=X4&cate=12215709,X4
174,lg,LM-X415,X4 Plus,X4 Plus,,https://review.cetizen.com/6724/view/3/6724/review,http://prod.danawa.com/info/?pcode=5993435&keyword=X4%20Plus&cate=12215709,X4 Plus
175,lg,LM-X625,X6 2019,X6 2019,https://namu.wiki/w/LG%20X6,https://review.cetizen.com/7134/view/3/7134/review,http://prod.danawa.com/info/?pcode=8499309&keyword=X6%202019&cate=12215709,X6 2019
176,lg,LM-X420,X4 2019,X4 2019,https://namu.wiki/w/LG%20X4(2019),https://review.cetizen.com/7104/view/3/7104/review,http://prod.danawa.com/info/?pcode=7908040&keyword=X4%202019&cate=12215709,X4 2019
177,lg,LM-X220,X2 2019,X2 2019,https://namu.wiki/w/LG%20X2(2019),https://review.cetizen.com/7169/view/3/7169/review,http://prod.danawa.com/info/?pcode=9390120&keyword=X2%202019&cate=12215709,X2 2019
178,lg,LM-X210,X2 2018,X2 2018,https://namu.wiki/w/LG%20X2,https://review.cetizen.com/6874/view/3/6874/review,http://prod.danawa.com/info/?pcode=6576973&keyword=X2%202018&cate=12215709,X2 2018
179,lg,LGM-X320,X500,X500,https://namu.wiki/w/LGM-X320,https://review.cetizen.com/6569/view/3/6569/review,http://prod.danawa.com/info/?pcode=5382032&keyword=LG%20X500&cate=12215709,X500
180,lg,LGM-X401,X401,X401,https://namu.wiki/w/LG%20X400,https://review.cetizen.com/6694/view/3/6694/review,http://prod.danawa.com/info/?pcode=11184075&keyword=X401&cate=12215709,X401
181,lg,LGM-K121,X400,X400,https://namu.wiki/w/LGM-K121,https://review.cetizen.com/6507/view/3/6507/review,http://prod.danawa.com/info/?pcode=5382249&keyword=X400&cate=12215709,X400
182,lg,LGM-K120,X300,X300,https://namu.wiki/w/LG%20X300,https://review.cetizen.com/6498/view/3/6498/review,http://prod.danawa.com/info/?pcode=5382231&keyword=X300&cate=12215709,X300
183,lg,LG-F750,엑스파워,X Power,https://namu.wiki/w/LG%20X%20Power,https://review.cetizen.com/6405/view/3/6405/review,http://prod.danawa.com/info/?pcode=4934339&keyword=%EC%97%91%EC%8A%A4%ED%8C%8C%EC%9B%8C&cate=12215709,엑스파워
184,lg,LG-F770,X5,X5,https://namu.wiki/w/LG%20X5,https://review.cetizen.com/6404/view/3/6404/review,http://prod.danawa.com/info/?pcode=4848208&keyword=X5&cate=12215709,X5
185,lg,LG-F740,X스킨,X Skin,https://namu.wiki/w/LG%20X%20Skin,https://review.cetizen.com/6399/view/3/6399/review,http://prod.danawa.com/info/?pcode=4636223&keyword=X%EC%8A%A4%ED%82%A8&cate=12215709,X스킨
186,lg,LG-F690,X캠,X Cam,https://namu.wiki/w/LG%20X%20Cam,https://review.cetizen.com/6275/view/3/6275/review,,X캠
187,lg,LG-F650,X스크린,X Screen,https://namu.wiki/w/LG%20X%20Screen,https://review.cetizen.com/6276/view/3/6276/review,http://prod.danawa.com/info/?pcode=4040058&keyword=X%EC%8A%A4%ED%81%AC%EB%A6%B0&cate=12215709,X스크린
188,lg,LG-H791,넥서스 5x,Nexus 5x,https://namu.wiki/w/%EB%84%A5%EC%84%9C%EC%8A%A4%205X,https://review.cetizen.com/6203/view/3/6203/review,http://prod.danawa.com/info/?pcode=3456061&keyword=%EB%84%A5%EC%84%9C%EC%8A%A4%205x&cate=12215709,넥서스 5x
189,lg,LG-F260,옵티머스 LTE3,Optimus LTE3,https://namu.wiki/w/%EC%98%B5%ED%8B%B0%EB%A8%B8%EC%8A%A4%20LTE3,https://review.cetizen.com/5360/view/3/5360/review,http://prod.danawa.com/info/?pcode=2889991&keyword=%EC%98%B5%ED%8B%B0%EB%A8%B8%EC%8A%A4%20LTE3&cate=12215709,옵티머스 LTE3
190,lg,LG-F610,와인 스마트 재즈,Wine Smart Jazz,https://namu.wiki/w/LG%20%EC%99%80%EC%9D%B8%20%EC%8A%A4%EB%A7%88%ED%8A%B8%20%EC%9E%AC%EC%A6%88,https://review.cetizen.com/6196/view/3/6196/review,http://prod.danawa.com/info/?pcode=5382099&keyword=%EC%99%80%EC%9D%B8%20%EC%8A%A4%EB%A7%88%ED%8A%B8%20%EC%9E%AC%EC%A6%88&cate=12215709,와인 스마트 재즈
191,lg,LG-F480,와인 스마트,Wine Smart,https://namu.wiki/w/LG%20%EC%99%80%EC%9D%B8%20%EC%8A%A4%EB%A7%88%ED%8A%B8,https://review.cetizen.com/5911/view/3/5911/review,http://prod.danawa.com/info/?pcode=5382099&keyword=%EC%99%80%EC%9D%B8%20%EC%8A%A4%EB%A7%88%ED%8A%B8&cate=12215709,와인 스마트
192,lg,LG-T480,와인 스마트 3G,Wine Smart 3G,https://namu.wiki/w/LG%20%EC%99%80%EC%9D%B8%20%EC%8A%A4%EB%A7%88%ED%8A%B8,https://review.cetizen.com/6112/view/3/6112/review,,와인 스마트 3G
193,lg,LM-Y110,LG폴더,LG Folder,https://namu.wiki/w/LG%ED%8F%B4%EB%8D%94,https://review.cetizen.com/6772/view/1/6772/review,http://prod.danawa.com/info/?pcode=6713839&keyword=LG%ED%8F%B4%EB%8D%94&cate=12215709,LG폴더
194,lg,LGM-X100,스마트폴더,SmartFolder,https://namu.wiki/w/LG%20%EC%8A%A4%EB%A7%88%ED%8A%B8%20%ED%8F%B4%EB%8D%94,https://review.cetizen.com/6681/view/3/6681/review,http://prod.danawa.com/info/?pcode=11833807&keyword=LG%20%EC%8A%A4%EB%A7%88%ED%8A%B8%ED%8F%B4%EB%8D%94&cate=12215709,스마트폴더
195,samsung,SM-F907,갤럭시 폴드,Galaxy Fold,https://namu.wiki/w/%EA%B0%A4%EB%9F%AD%EC%8B%9C%20%ED%8F%B4%EB%93%9C,https://review.cetizen.com/7039/view/3/7039/review,http://prod.danawa.com/info/?pcode=9752439&keyword=%EA%B0%A4%EB%9F%AD%EC%8B%9C%20%ED%8F%B4%EB%93%9C&cate=12215709,갤럭시 폴드
196,apple,A2775,아이폰SE(2020),iphoneSE (2020),https://namu.wiki/w/%EC%95%84%EC%9D%B4%ED%8F%B0SE,https://review.cetizen.com/7358/view/3/7358/review,http://prod.danawa.com/info/?pcode=11090157&keyword=%EC%95%84%EC%9D%B4%ED%8F%B0SE(2020)&cate=12215709,아이폰SE(2020)
197,samsung,SM-A805,갤럭시 A80,Galaxy A80,https://namu.wiki/w/%EA%B0%A4%EB%9F%AD%EC%8B%9C%20A80,https://review.cetizen.com/7099/view/3/7099/review,http://prod.danawa.com/info/?pcode=10341405&keyword=%EA%B0%A4%EB%9F%AD%EC%8B%9C%20A80&cate=12215709,갤럭시 A80
198,samsung,SM-F700,갤럭시 Z플립,Galaxy Z Flip,https://namu.wiki/w/%EA%B0%A4%EB%9F%AD%EC%8B%9C%20Z%20%ED%94%8C%EB%A6%BD?from=Z%ED%94%8C%EB%A6%BD,https://review.cetizen.com/7325/view/3/7325/review,http://prod.danawa.com/info/?pcode=12239897&keyword=%EA%B0%A4%EB%9F%AD%EC%8B%9C%20Z%ED%94%8C%EB%A6%BD&cate=12215709,갤럭시 Z플립
199,samsung,SM-G981,갤럭시 S20,Galaxy S20,https://namu.wiki/w/%EA%B0%A4%EB%9F%AD%EC%8B%9C%20S20,https://review.cetizen.com/7313/view/3/7313/review,http://prod.danawa.com/info/?pcode=10739895&keyword=%EA%B0%A4%EB%9F%AD%EC%8B%9C%20S20&cate=12215709,갤럭시 S20
200,samsung,SM-G986,갤럭시 S20 Plus,Galaxy S20 Plus,https://namu.wiki/w/%EA%B0%A4%EB%9F%AD%EC%8B%9C%20S20%2B,https://review.cetizen.com/7317/view/3/7317/review,http://prod.danawa.com/info/?pcode=10739814&keyword=%EA%B0%A4%EB%9F%AD%EC%8B%9C%20S20%20Plus&cate=12215709,갤럭시 S20 Plus
210,samsung,SM-G988,갤럭시 S20 울트라,Galaxy S20 Ultra,https://namu.wiki/w/%EA%B0%A4%EB%9F%AD%EC%8B%9C%20S20%20Ultra,https://review.cetizen.com/7321/view/3/7321/review,http://prod.danawa.com/info/?pcode=10561602&keyword=%EA%B0%A4%EB%9F%AD%EC%8B%9C%20S20%20%EC%9A%B8%ED%8A%B8%EB%9D%BC&cate=122514,갤럭시 S20 울트라
211,lg,LM-G900,벨벳,VELVET,https://namu.wiki/w/LG%20VELVET,https://review.cetizen.com/7378/view/3/7378/review,http://prod.danawa.com/info/?pcode=13287893&keyword=%EB%B2%A8%EB%B2%B3&cate=12215709,벨벳
212,lg,LM-Q510,Q51,Q51,https://namu.wiki/w/Q51,https://review.cetizen.com/7331/view/3/7331/review,http://prod.danawa.com/info/?pcode=10650948&keyword=Q51&cate=12215709,Q51
213,lg,LM-Y120,LG폴더2,LG Folder 2,https://namu.wiki/w/LG%20%ED%8F%B4%EB%8D%942,https://review.cetizen.com/7366/view/1/7366/review,http://prod.danawa.com/info/?pcode=11433741&keyword=LG%ED%8F%B4%EB%8D%942&cate=12215709,LG폴더2
214,lg,LM-Q630,Q61,Q61,https://namu.wiki/w/Q61,https://review.cetizen.com/7387/view/3/7387/review,http://prod.danawa.com/info/?pcode=11467839&keyword=Q61&cate=12215709,Q61
215,samsung,SM-A315,갤럭시 A31,Galaxy A31,https://namu.wiki/w/%EA%B0%A4%EB%9F%AD%EC%8B%9C%20A31,https://review.cetizen.com/7370/view/3/7370/review,http://prod.danawa.com/info/?pcode=11188038&keyword=%EA%B0%A4%EB%9F%AD%EC%8B%9C%20A31&cate=12215709,갤럭시 A31
216,samsung,SM-A516,갤럭시 A51,Galaxy A51,https://namu.wiki/w/SM-A516,https://review.cetizen.com/7374/view/3/7374/review,http://prod.danawa.com/info/?pcode=11210841&keyword=%EA%B0%A4%EB%9F%AD%EC%8B%9C%20A51&cate=12215709,갤럭시 A51
217,samsung,SM-A716,갤럭시 A퀀텀,Galaxy A Quantum,https://namu.wiki/w/%EA%B0%A4%EB%9F%AD%EC%8B%9C%20A%20%ED%80%80%ED%85%80,https://review.cetizen.com/7382/view/3/7382/review,http://prod.danawa.com/info/?pcode=11405385&keyword=%EA%B0%A4%EB%9F%AD%EC%8B%9C%20A%ED%80%80%ED%85%80&cate=12215709,갤럭시 A퀀텀
218,samsung,SM-G781,갤럭시S20 FE,Galaxy S20 FE,https://namu.wiki/w/%EA%B0%A4%EB%9F%AD%EC%8B%9CS20,https://review.cetizen.com/7491/view/3/7491/review,http://prod.danawa.com/info/?pcode=12073745&keyword=%EA%B0%A4%EB%9F%AD%EC%8B%9CS20%20FE&cate=12215709,갤럭시S20 FE
219,samsung,SM-N981,갤럭시노트20,GalaxyNote20,https://namu.wiki/w/%EA%B0%A4%EB%9F%AD%EC%8B%9C%20%EB%85%B8%ED%8A%B820,https://review.cetizen.com/7418/view/3/7418/review,http://prod.danawa.com/info/?pcode=11859133&keyword=%EA%B0%A4%EB%9F%AD%EC%8B%9C%EB%85%B8%ED%8A%B820&cate=12215709,갤럭시노트20
220,samsung,SM-N986,갤럭시노트20 울트라,GalaxyNote20 Ultra  ,https://namu.wiki/w/%EA%B0%A4%EB%9F%AD%EC%8B%9C%20%EB%85%B8%ED%8A%B820%20Ultra,https://review.cetizen.com/7422/view/3/7422/review,http://prod.danawa.com/info/?pcode=11859133&keyword=%EA%B0%A4%EB%9F%AD%EC%8B%9C%EB%85%B8%ED%8A%B820%20%EC%9A%B8%ED%8A%B8%EB%9D%BC&cate=12215709,갤럭시노트20 울트라
221,lg,LM-Q310,Q31,LG Q31,https://namu.wiki/w/LG%20Q31,https://review.cetizen.com/7495/view/3/7495/review,http://prod.danawa.com/info/?pcode=12309080&keyword=Q31&cate=12215709,Q31
222,lg,LM-Q520,Q52,LG Q52,https://namu.wiki/w/Q52,https://review.cetizen.com/7513/view/3/7513/review,http://prod.danawa.com/info/?pcode=12688091&keyword=Q52&cate=12215709,Q52
223,lg,LM-F100,윙,LG Wing,https://namu.wiki/w/LG%20WING,https://review.cetizen.com/7457/view/3/7457/review,http://prod.danawa.com/info/?pcode=12270974&keyword=%EC%9C%99&cate=12215709,윙
224,samsung,SM-A102,갤럭시 A10e,Galaxy A10e,https://namu.wiki/w/%EA%B0%A4%EB%9F%AD%EC%8B%9C%20A10e,https://review.cetizen.com/7411/view/3/7411/review,http://prod.danawa.com/info/?pcode=10587588&keyword=%EA%B0%A4%EB%9F%AD%EC%8B%9C%20A10e&cate=12215709,갤럭시 A10e
225,apple,A2403,아이폰12,iphone12,https://namu.wiki/w/iPhone%2012?from=%EC%95%84%EC%9D%B4%ED%8F%B0%2012,https://review.cetizen.com/7503/view/3/7503/review,http://prod.danawa.com/info/?pcode=12449423&keyword=%EC%95%84%EC%9D%B4%ED%8F%B012&cate=12215709,아이폰12
226,apple,A2407,아이폰12 Pro,iphone12 Pro,https://namu.wiki/w/iPhone%2012%20Pro?from=%EC%95%84%EC%9D%B4%ED%8F%B0%2012%20%ED%94%84%EB%A1%9C,https://review.cetizen.com/7506/view/3/7506/review,http://prod.danawa.com/info/?pcode=12514007&keyword=%EC%95%84%EC%9D%B4%ED%8F%B012%20Pro&cate=122515,아이폰12 Pro
227,apple,A2411,아이폰12 Pro Max,iphone12 Pro Max,https://namu.wiki/w/iPhone%2012%20Pro%20Max?from=%EC%95%84%EC%9D%B4%ED%8F%B0%2012%20%ED%94%84%EB%A1%9C%20%EB%A7%A5%EC%8A%A4,https://review.cetizen.com/7509/view/3/7509/review,http://prod.danawa.com/info/?pcode=12450170&keyword=%EC%95%84%EC%9D%B4%ED%8F%B012%20Pro%20Max&cate=12215709,아이폰12 Pro Max
228,apple,A2399,아이폰12 Mini,iphone12 Mini,https://namu.wiki/w/iPhone%2012%20mini?from=%EC%95%84%EC%9D%B4%ED%8F%B0%2012%20%EB%AF%B8%EB%8B%88,https://review.cetizen.com/7500/view/3/7500/review,http://prod.danawa.com/info/?pcode=12447911&keyword=%EC%95%84%EC%9D%B4%ED%8F%B012%20Mini&cate=12215709,아이폰12 Mini
229,samsung,SM-F916,갤럭시폴드2,Galaxy Fold2,https://namu.wiki/w/%EA%B0%A4%EB%9F%AD%EC%8B%9C%20Z%20%ED%8F%B4%EB%93%9C2,https://review.cetizen.com/7426/view/3/7426/review,http://prod.danawa.com/info/?pcode=12241580&keyword=%EA%B0%A4%EB%9F%AD%EC%8B%9C%ED%8F%B4%EB%93%9C2&cate=122515,갤럭시폴드2
230,samsung,SM-A125,갤럭시 A12,Galaxy A12,https://namu.wiki/w/%EA%B0%A4%EB%9F%AD%EC%8B%9C%20A12,https://review.cetizen.com/7543/view/3/7543/review,http://prod.danawa.com/info/?pcode=13338707&keyword=%EA%B0%A4%EB%9F%AD%EC%8B%9C%20A12&cate=12215709,갤럭시 A12
231,samsung,SM-G998,갤럭시S21 Ultra,Galaxy S21 Ultra,https://namu.wiki/w/%EA%B0%A4%EB%9F%AD%EC%8B%9C%20S21%20Ultra?from=S21%20Ultra,https://review.cetizen.com/7532/view/3/7532/review,http://prod.danawa.com/info/?pcode=13145399&keyword=%EA%B0%A4%EB%9F%AD%EC%8B%9CS21%20Ultra&cate=12215709,갤럭시S21 Ultra
232,samsung,SM-G996,갤럭시S21 Plus,Galaxy S21 Plus,https://namu.wiki/w/%EA%B0%A4%EB%9F%AD%EC%8B%9C%20S21%2B?from=Galaxy%20S21%2B,https://review.cetizen.com/7528/view/3/7528/review,http://prod.danawa.com/info/?pcode=13145375&keyword=%EA%B0%A4%EB%9F%AD%EC%8B%9CS21%20Plus&cate=12215709,갤럭시S21 Plus
233,samsung,SM-G991,갤럭시S21,Galaxy S21,https://namu.wiki/w/%EA%B0%A4%EB%9F%AD%EC%8B%9C%20S21?from=Galaxy%20S21,https://review.cetizen.com/7524/view/3/7524/review,http://prod.danawa.com/info/?pcode=13145363&keyword=%EA%B0%A4%EB%9F%AD%EC%8B%9CS21&cate=12215709,갤럭시S21
235,lg,LG-D821,넥서스5,Google Nexus5 16G  ,https://namu.wiki/w/%EB%84%A5%EC%84%9C%EC%8A%A45,https://review.cetizen.com/5553/view/3/5553/review,http://prod.danawa.com/info/?pcode=3417752&keyword=%EB%84%A5%EC%84%9C%EC%8A%A45&cate=12215709,넥서스5
236,lg,LG-F100,옵티머스 뷰,Optimus VU  ,https://namu.wiki/w/%EC%98%B5%ED%8B%B0%EB%A8%B8%EC%8A%A4%20%EB%B7%B0,https://review.cetizen.com/5170/view/3/5170/review,http://prod.danawa.com/info/?pcode=1646302&keyword=%EC%98%B5%ED%8B%B0%EB%A8%B8%EC%8A%A4%20%EB%B7%B0&cate=12215709,옵티머스 뷰
237,lg,LG-F180,옵티머스 G,Optimus G  ,https://namu.wiki/w/LG-F180,https://review.cetizen.com/5243/view/3/5243/review,http://prod.danawa.com/info/?pcode=1979635&keyword=%EC%98%B5%ED%8B%B0%EB%A8%B8%EC%8A%A4%20G&cate=12215709,옵티머스 G
238,lg,LG-F200,옵티머스 뷰2,Optimus VU2,https://namu.wiki/w/%EC%98%B5%ED%8B%B0%EB%A8%B8%EC%8A%A4%20%EB%B7%B0%20II,https://review.cetizen.com/5267/view/3/5267/review,http://prod.danawa.com/info/?pcode=1979640&keyword=%EC%98%B5%ED%8B%B0%EB%A8%B8%EC%8A%A4%20%EB%B7%B02&cate=12215709,옵티머스 뷰2
239,lg,LG-F220,옵티머스 GK,LG Optimus GK  ,https://namu.wiki/w/%EC%98%B5%ED%8B%B0%EB%A8%B8%EC%8A%A4%20GK,https://review.cetizen.com/5388/view/3/5388/review,,옵티머스 GK
240,lg,LG-F240,옵티머스G 프로,Optimus G Pro  ,https://namu.wiki/w/%EC%98%B5%ED%8B%B0%EB%A8%B8%EC%8A%A4G,https://review.cetizen.com/5345/view/3/5345/review,http://prod.danawa.com/info/?pcode=1979807&keyword=%EC%98%B5%ED%8B%B0%EB%A8%B8%EC%8A%A4G%20%ED%94%84%EB%A1%9C&cate=12215709,옵티머스G 프로
241,lg,LG-F300,엘지 뷰3,LG Vu3  ,https://namu.wiki/w/LG-F300,https://review.cetizen.com/5511/view/3/5511/review,http://prod.danawa.com/info/?pcode=3200855&keyword=%EC%97%98%EC%A7%80%20%EB%B7%B03&cate=12215709,엘지 뷰3
242,lg,LG-F570,엘지 밴드플레이,LG 밴드플레이  ,https://namu.wiki/w/LG%20Band%20Play,https://review.cetizen.com/6107/view/3/6107/review,,엘지 밴드플레이
243,lg,LG-KU5400,프라다폰 3.0,PRADA 3.0  ,https://namu.wiki/w/%ED%94%84%EB%9D%BC%EB%8B%A4%ED%8F%B0%203.0,https://review.cetizen.com/5131/view/3/5131/review,http://prod.danawa.com/info/?pcode=1579747&keyword=%ED%94%84%EB%9D%BC%EB%8B%A4%ED%8F%B0%203.0&cate=12215709,프라다폰 3.0
244,lg,LG-LU6500,옵티머스Q2,OPTIMUS Q2  ,https://namu.wiki/w/%EC%98%B5%ED%8B%B0%EB%A8%B8%EC%8A%A4Q2,https://review.cetizen.com/5083/view/3/5083/review,http://prod.danawa.com/info/?pcode=1584265&keyword=%EC%98%B5%ED%8B%B0%EB%A8%B8%EC%8A%A4Q2&cate=12215709,옵티머스Q2
245,lg,LM-Q730,Q70,LG Q70  ,https://namu.wiki/w/LG%20Q70,https://review.cetizen.com/7207/view/3/7207/review,http://prod.danawa.com/info/?pcode=9947532&keyword=Q70&cate=12215709,Q70
246,lg,LM-Q920,Q92,LG Q92  ,https://namu.wiki/w/LG%20Q92,https://review.cetizen.com/7450/view/3/7450/review,http://prod.danawa.com/info/?pcode=12238469&keyword=Q92&cate=12215709,Q92
247,lg,SU950,옵티머스 Z,Optimus Z  ,https://namu.wiki/w/%EC%98%B5%ED%8B%B0%EB%A8%B8%EC%8A%A4%20Z,https://review.cetizen.com/4782/view/3/4782/review,http://prod.danawa.com/info/?pcode=1582988&keyword=%EC%98%B5%ED%8B%B0%EB%A8%B8%EC%8A%A4%20Z&cate=12215709,옵티머스 Z
249,samsung,SHW-M290,갤럭시 지오,GALAXY Gio  ,https://namu.wiki/w/%EA%B0%A4%EB%9F%AD%EC%8B%9C%20%EC%A7%80%EC%98%A4,https://review.cetizen.com/4992/view/3/4992/review,http://prod.danawa.com/info/?pcode=1579760&keyword=%EA%B0%A4%EB%9F%AD%EC%8B%9C%20%EC%A7%80%EC%98%A4&cate=12215709,갤럭시 지오
250,samsung,SM-A105,갤럭시 A10,Samsung Galaxy A10  ,https://namu.wiki/w/%EA%B0%A4%EB%9F%AD%EC%8B%9C%20A10,https://review.cetizen.com/7145/view/3/7145/review,http://prod.danawa.com/info/?pcode=9571932&keyword=%EA%B0%A4%EB%9F%AD%EC%8B%9C%20A10&cate=12215709,갤럭시 A10
251,samsung,SM-A217,갤럭시 A21s,Samsung Galaxy A21s  ,https://namu.wiki/w/%EA%B0%A4%EB%9F%AD%EC%8B%9C%20A21s,https://review.cetizen.com/7411/view/3/7411/review,http://prod.danawa.com/info/?pcode=11828503&keyword=%EA%B0%A4%EB%9F%AD%EC%8B%9C%20A21s&cate=12215709,갤럭시 A21s
252,samsung,SM-A720,갤럭시 A7 2017,Samsung Galaxy A7 2017  ,https://namu.wiki/w/%EA%B0%A4%EB%9F%AD%EC%8B%9C%20A7(2017),https://review.cetizen.com/6490/view/3/6490/review,http://prod.danawa.com/info/?pcode=5804771&keyword=%EA%B0%A4%EB%9F%AD%EC%8B%9C%20A7%202017&cate=12215709,갤럭시 A7 2017
253,samsung,SM-G150,갤럭시 폴더,Galaxy Folder  ,https://namu.wiki/w/%EA%B0%A4%EB%9F%AD%EC%8B%9C%20%ED%8F%B4%EB%8D%94,https://review.cetizen.com/6122/view/3/6122/review,http://prod.danawa.com/info/?pcode=3979484&keyword=%EA%B0%A4%EB%9F%AD%EC%8B%9C%20%ED%8F%B4%EB%8D%94&cate=12215709,갤럭시 폴더
255,samsung,SM-J727,갤럭시 와이드2,Samsung Galaxy Wide 2  ,https://namu.wiki/w/%EA%B0%A4%EB%9F%AD%EC%8B%9C%20%EC%99%80%EC%9D%B4%EB%93%9C2,https://review.cetizen.com/6553/view/3/6553/review,http://prod.danawa.com/info/?pcode=5381971&keyword=%EA%B0%A4%EB%9F%AD%EC%8B%9C%20%EC%99%80%EC%9D%B4%EB%93%9C2&cate=12215709,갤럭시 와이드2
256,samsung,SM-M205,갤럭시 M20,Samsung Galaxy M20  ,https://namu.wiki/w/%EA%B0%A4%EB%9F%AD%EC%8B%9C%20M20,https://review.cetizen.com/7151/view/3/7151/review,http://prod.danawa.com/info/?pcode=8461893&keyword=%EA%B0%A4%EB%9F%AD%EC%8B%9C%20M20&cate=12215709,갤럭시 M20
257,lg,LG-D329,LG L70,L70,https://namu.wiki/w/LG%20L70,https://review.cetizen.com/5715/view/3/5715/review,,LG L70
258,lg,LG-D700,옵티머스 L9,LG Optimus L9,https://namu.wiki/w/%EC%98%B5%ED%8B%B0%EB%A8%B8%EC%8A%A4%20L9,https://review.cetizen.com/5246/view/3/5246/review,,옵티머스 L9
259,lg,LG-F120,옵티머스 LTE 태그,LG Optimus LTE Tag,https://namu.wiki/w/%EC%98%B5%ED%8B%B0%EB%A8%B8%EC%8A%A4%20LTE%20TAG?from=%EC%98%B5%ED%8B%B0%EB%A8%B8%EC%8A%A4%20LTE%20%ED%83%9C%EA%B7%B8,https://review.cetizen.com/5174/view/3/5174/review,http://prod.danawa.com/info/?pcode=1664374&keyword=%EC%98%B5%ED%8B%B0%EB%A8%B8%EC%8A%A4%20LTE%20%ED%83%9C%EA%B7%B8&cate=12215709,옵티머스 LTE 태그
260,lg,LG-F160,옵티머스 LTE2,LG Optimus LTE2,https://namu.wiki/w/%EC%98%B5%ED%8B%B0%EB%A8%B8%EC%8A%A4%20LTE%20II?from=%EC%98%B5%ED%8B%B0%EB%A8%B8%EC%8A%A4%20LTE2,https://review.cetizen.com/5206/view/3/5206/review,http://prod.danawa.com/info/?pcode=2895360&keyword=%EC%98%B5%ED%8B%B0%EB%A8%B8%EC%8A%A4%20LTE2&cate=12215709,옵티머스 LTE2
261,lg,LG-F440,아이스크림 스마트,Ice cream Smart,https://namu.wiki/w/LG%20%EC%95%84%EC%9D%B4%EC%8A%A4%ED%81%AC%EB%A6%BC%20%EC%8A%A4%EB%A7%88%ED%8A%B8,https://review.cetizen.com/6021/view/3/6021/review,,아이스크림 스마트
262,lg,LG-F580,LG 젠틀,Gentle,https://namu.wiki/w/LG%20Gentle,https://review.cetizen.com/6127/view/3/6127/review,http://prod.danawa.com/info/?pcode=5516271&keyword=LG%20%EC%A0%A0%ED%8B%80&cate=12215709,LG 젠틀
263,lg,LG-KH5200,안드로-1,Eve,https://namu.wiki/w/%EC%95%88%EB%93%9C%EB%A1%9C-1,https://review.cetizen.com/4753/view/3/4753/review,,안드로-1
264,lg,LG-KU5900,옵티머스 블랙,Optimus Black,https://namu.wiki/w/%EC%98%B5%ED%8B%B0%EB%A8%B8%EC%8A%A4%20%EB%B8%94%EB%9E%99,https://review.cetizen.com/4975/view/3/4975/review,http://prod.danawa.com/info/?pcode=1579788&keyword=%EC%98%B5%ED%8B%B0%EB%A8%B8%EC%8A%A4%20%EB%B8%94%EB%9E%99&cate=12215709,옵티머스 블랙
265,lg,LG-LU3000,옵티머스 마하,Optimus Mach,https://namu.wiki/w/%EC%98%B5%ED%8B%B0%EB%A8%B8%EC%8A%A4%20%EB%A7%88%ED%95%98,https://review.cetizen.com/4890/view/3/4890/review,http://prod.danawa.com/info/?pcode=1578565&keyword=%EC%98%B5%ED%8B%B0%EB%A8%B8%EC%8A%A4%20%EB%A7%88%ED%95%98&cate=12215709,옵티머스 마하
266,lg,LG-SU640,옵티머스 LTE,Optimus LTE,https://namu.wiki/w/%EC%98%B5%ED%8B%B0%EB%A8%B8%EC%8A%A4%20LTE,https://review.cetizen.com/5089/view/3/5089/review,http://prod.danawa.com/info/?pcode=1579942&keyword=%EC%98%B5%ED%8B%B0%EB%A8%B8%EC%8A%A4%20LTE&cate=12215709,옵티머스 LTE
267,lg,LG-LU6800,옵티머스 빅,Optimus Big,https://namu.wiki/w/%EC%98%B5%ED%8B%B0%EB%A8%B8%EC%8A%A4%20%EB%B9%85,https://review.cetizen.com/4995/view/3/4995/review,http://prod.danawa.com/info/?pcode=1579572&keyword=%EC%98%B5%ED%8B%B0%EB%A8%B8%EC%8A%A4%20%EB%B9%85&cate=12215709,옵티머스 빅
268,lg,LG-T280,옵티머스 L7,LG Optimus L7,https://namu.wiki/w/%EC%98%B5%ED%8B%B0%EB%A8%B8%EC%8A%A4%20L7,,,옵티머스 L7
269,lg,LG-KU3700,옵티머스 원,Optimus One,https://namu.wiki/w/%EC%98%B5%ED%8B%B0%EB%A8%B8%EC%8A%A4%20%EC%9B%90,https://review.cetizen.com/4862/view/3/4862/review,http://prod.danawa.com/info/?pcode=2903112&keyword=%EC%98%B5%ED%8B%B0%EB%A8%B8%EC%8A%A4%20%EC%9B%90&cate=12215709,옵티머스 원
270,lg,LG-SU660,옵티머스 2X,Optimus 2X,https://namu.wiki/w/%EC%98%B5%ED%8B%B0%EB%A8%B8%EC%8A%A4%202X,https://review.cetizen.com/4946/view/3/4946/review,http://prod.danawa.com/info/?pcode=1579502&keyword=%EC%98%B5%ED%8B%B0%EB%A8%B8%EC%8A%A4%202X&cate=12215709,옵티머스 2X
271,lg,LG-SU760,옵티머스 3D,Optimus 3D,https://namu.wiki/w/%EC%98%B5%ED%8B%B0%EB%A8%B8%EC%8A%A4%203D,https://review.cetizen.com/5052/view/3/5052/review,http://prod.danawa.com/info/?pcode=1635926&keyword=%EC%98%B5%ED%8B%B0%EB%A8%B8%EC%8A%A4%203D&cate=122514,옵티머스 3D
272,lg,LG-SU870,옵티머스 3D 큐브,Optimus 3D MAX,https://namu.wiki/w/%EC%98%B5%ED%8B%B0%EB%A8%B8%EC%8A%A4%203D%20%ED%81%90%EB%B8%8C,https://review.cetizen.com/5173/view/3/5173/review,http://prod.danawa.com/info/?pcode=1648802&keyword=%EC%98%B5%ED%8B%B0%EB%A8%B8%EC%8A%A4%203D%20%ED%81%90%EB%B8%8C&cate=12215709,옵티머스 3D 큐브
273,lg,LG-SU880,옵티머스 EX,Optimus EX,https://namu.wiki/w/%EC%98%B5%ED%8B%B0%EB%A8%B8%EC%8A%A4%20EX,https://review.cetizen.com/5078/view/3/5078/review,http://prod.danawa.com/info/?pcode=1506518&keyword=%EC%98%B5%ED%8B%B0%EB%A8%B8%EC%8A%A4%20EX&cate=122514,옵티머스 EX
274,samsung,Nexus S,넥서스 S,Nexus S,https://namu.wiki/w/%EB%84%A5%EC%84%9C%EC%8A%A4%20S,https://review.cetizen.com/4961/view/3/4961/review,http://prod.danawa.com/info/?pcode=1312746&keyword=%EB%84%A5%EC%84%9C%EC%8A%A4%20S&cate=122515,넥서스 S
275,samsung,SHW-M220,갤럭시 네오,Galaxy Neo,https://namu.wiki/w/%EA%B0%A4%EB%9F%AD%EC%8B%9C%20%EB%84%A4%EC%98%A4,https://review.cetizen.com/4994/view/3/4994/review,http://prod.danawa.com/info/?pcode=1579926&keyword=%EA%B0%A4%EB%9F%AD%EC%8B%9C%20%EB%84%A4%EC%98%A4&cate=12215709,갤럭시 네오
