,pl_id,text1,text2,text3
0,,,,
0,1,토요일 배송 될거라 생각했는데 월요일 배송되었네요.아이 졸업 선물로 카메라 좋은 거 해줄려고 아이폰으로 선택했습니다. 가격은 학생한테 비싸지만 4년 쓰면 된다는마음으로 구매했어요. 역시 아이폰이라 사진 찍을 때가 제일 좋네요.,"실버없어서 골드로 주문했는데, 기존 가지고있는거랑 비슷하지만 맘에 들어요~ 통신사 대리점에서는 64기가만 있어서 온라인 구매한거라 만족합니다. 다만 택배배송과정에서 물량이 많아서인지 생각보다 늦게와서 기다리느라 힘들었음요. 기사님들 추운데 고생하셨구, 잘 쓸게요^^","배송빠르고 좋았어요.단, 아이폰이 스크래치있는 초기불량제품이어서 뽑기를 잘못한듯.매우귀찮게 AS센터를 이틀에걸쳐 세번이나 방문함.초기불량 스크래치로 방문익일 제품받으러 재방문OS업데이트 중 벽돌되서 또 방문우여곡절끝에 제품을 받았는데 여튼뭐 애플공홈보다저렴한가격에 잘샀다고 생각함(아쉬운건 골드색깔이 별로...)"
0,2,토요일 배송 될거라 생각했는데 월요일 배송되었네요.아이 졸업 선물로 카메라 좋은 거 해줄려고 아이폰으로 선택했습니다. 가격은 학생한테 비싸지만 4년 쓰면 된다는마음으로 구매했어요. 역시 아이폰이라 사진 찍을 때가 제일 좋네요.,"실버없어서 골드로 주문했는데, 기존 가지고있는거랑 비슷하지만 맘에 들어요~ 통신사 대리점에서는 64기가만 있어서 온라인 구매한거라 만족합니다. 다만 택배배송과정에서 물량이 많아서인지 생각보다 늦게와서 기다리느라 힘들었음요. 기사님들 추운데 고생하셨구, 잘 쓸게요^^","배송빠르고 좋았어요.단, 아이폰이 스크래치있는 초기불량제품이어서 뽑기를 잘못한듯.매우귀찮게 AS센터를 이틀에걸쳐 세번이나 방문함.초기불량 스크래치로 방문익일 제품받으러 재방문OS업데이트 중 벽돌되서 또 방문우여곡절끝에 제품을 받았는데 여튼뭐 애플공홈보다저렴한가격에 잘샀다고 생각함(아쉬운건 골드색깔이 별로...)"
0,3,백오십에 육박하는 상품을 택배로 받으려니 덜덜...상자에 심플하게 담겨옴. 에어캡이라도 빈 공간이 넣어서 상자안에서 안돌아다니게 했으면 더 좋지 않을까. 이전 아이폰의 버벅댐이 극적으로 사라지고 모든 버튼이 빨리 열리고 날아다닌다. 새폰이 이래서 좋구나. 구아이폰에서 데이터 전송이 잘 안돼 서비스센터 두번 통화 끝에 해결함.,믿고 구매한 아이폰11 pro max 256gb 를 선택하였습니다아들놈 힘내라고 구매했는데 자급제이고 여러 제악이 없는 폰이라 더욱 만족합니다색상은 골드로 선택했구요 만족해하니 좋네요한달 사용후 후기도 올려보겠습니다(추천합니다) 포인트 넣어주세요 기본사은품이더군요유용하게 사용하겠습니다,역시 카메라 화질 성능 모두모두 뛰어납니다무거운 건 적응 되겠죠? ㅎㅎ;;
0,4,친절하시구 배송도 빠르고 개통도 후개통인데 바로 됐고 가격도 방문하는거 제외 인터넷가로 제일 저렴했고 다 좋았는데 별을 하나 뺀 이유는.. 1~3지망 물어보실때부터 스그 오겠구나 싶었는데.. 진짜 3지망인 스그가와서.. 원래부터 스그밖에 재고가 없었던게 아닌가 하는 생각이 들어서 속상한 마음에 별 하나 뺍니다.... 제가 스페이스그레이 컬러를 정말 싫어해서 ㅠㅠㅋㅋㅋ 뭐 어차피 케이스 끼고 다니니 상관 없다 생각할 순 있지만 그래도 좀 속상...orz,완납폰 중에 여기가 제일 저렴했어요~ 카드할인에 할부까지 넘넘 혜택 좋았고 판매자분 친절하시고 배송도 다음날 바로 왔어요~ Se쓰다가 넘 커져서 어색하지만 텐s 예뻐요~ 텀블러도 필름도 넘넘 감사합니다,스그 오래걸릴줄알았는데 다행히 월요일에 구매해서 목요일에 받았어용 처음에 온할때 화면마니 누래서 다시받아야하나 했는데 설정하고 하면서 덜 누래졌는데 원래 전체적으로 조금 누런가봐요 보는각도마다 약간 다른것같아요 암튼 sk기변 256 쿠폰써서 잘샀습니당 혹시 싸구려 필름이나 케이스 하나정도 주면 좋겠다했는데ㅠㅠㅠㅠ 아쉽네유 5s쓰다가 갑자기 엑스에스 쓰려니 너무 크긴한데 좋네용
0,5,크기도 무게도 적당해보이고 만족합니다,"다른곳은 결재후에도 취소되신분도 있던데, 친절하게 해피콜 응대해주시고 바로 다음날 배송이 되었네요. 개통이 안되나싶어 불안한 마음에 몇일 기다렸는데 다행히 정상 개통되어 기다린 보람이 있더라구요. 좋은 가격에 사고 싶었던 아이폰이였는데 색상도 이쁘고 좋은 제품 감사합니다.",핸드폰도 고급스럽고 이쁘고 화면도 크고 굳
0,6,잘받았습니다 무결점에 아주 좋네요 색상도 아이가 무척 마음에 들어합니다 응대해주신분도 친절하시네요 많이 파세요~,구매 전에 재고 확인하고 돈 추가해서 용량 더 큰거로 구매했어요. 구매 다음날 왔고요. 배송빠르고 좋았어요 망설이다가 원하는 색상재고 빠져서 후회했어요,생각보다 디자인이 예쁘고 카메라 화질도 너무 좋고 배송도 빨랐어요. 기대했던 만큼 만족합니다.
0,7,13일 오전에 우체국택배로 받았어요.S7 사용하시던 엄마가 S10 화이트 무지갯빛 돌아서 예쁘다고좋아하시니까 기쁘네요+바로 몇시간후 사은품 실리콘케이스+C타입케이블도 받음!!사실 인터넷으로 구매해서 호갱되는건 아닐까주문하고도 불안했었거든요ㅠㅠ여러번 질문 올려도 스피드하게 피드백해주셔서 안심했어요.,주말 제외하고 월요일에 해피콜받고 화욜에 상품 받았습니다.실버 찾던 중 재고가 너무 없어서 인터넷에서 구매했는데 만족합니다! 스벅 텀블러와 텀블러 쿠폰도 잘 받았습니다다만 보내주신 필름을 붙이고 케이스를 끼면 필름이 들뜸현상이 있어서 케이스를 바꿔 끼웠습니다.,"SKT 선약으로 쓰고 있던터라,기변시 고 요금제(5G) 또는 T 패밀리(7.9만원)짜리는쓰고싶지 않았는데 롯데닷컴에서 구매한 아이폰X 기변은낮은 요금제 까지 선택이 가능해서 너무 좋았습니다.또한, 이 제품 출시가 17.11월인데 제가 받은 상품은 18.12월 생산분이고 당연히 미개봉에 결점이 하나도 없는 양품이 도착했구요..카드랑 이런저런 쿠폰으로 많이 저렴하게 구매했는데판매자분이 워낙 친절하셔서 더할나위 없이 만족합니다.다만, 보내주신 추가 상품들은 좀 저렴한거 같아요.하지만 나름대로 무선충전패드도 잘되고(인식 완전잘됨)케이스도 그럭저럭. 당분간 보내주신 상품들로 잘 견딜수 있을것 같습니다. 사업번창하시길 바라고~덕분에 만족스런 구매를 했습니다. 1. 배송(3일내 도착)2. 가격(화면 기재된 정보와 동일)3. 제품(18.12월 생산품 수령)4. 기타(전화응대 완전 친절,,,)이상입니다."
0,8,아이폰8 좋다. 가성비가 좋다.  하지만 약간 무겁다. 7과 비교해서 눈에 띄는 성능차이는 못느낀다.,골드로 샀는데 색 은은하고 이쁘고 가벼워서 좋아요♡♡,가격만족도/성능/사용편의성 등 :비싸긴 하지만 상태/배송 :좋아요. 그 외 도움이 될 만한 사용후기 : 굿입니다.. 옥션 안드로이드 앱으로 작성
0,9,기존폰보다 화면이 커져서 좋네요 무게랑 크기도 커졌지만~ 카메라 인물모드도 만족스럽고 아직 더 써봐야 하겠지만 현재까지는 만족스럽습니다. 배송은 개통전화이후 이틀 정도 걸렸습니다.,기존폰보다 화면이 커져서 좋네요 무게랑 크기도 커졌지만~ 카메라 인물모드도 만족스럽고 아직 더 써봐야 하겠지만 현재까지는 만족스럽습니다. 배송은 개통전화이후 이틀 정도 걸렸습니다.,아이폰8플러스 256 자급제 미개봉 폰을 원했는데 검색하다가 딱 발견해서 샀습니다 정말 마음에 들어요 원래는 직구로 살려고 알아보다가 포기하고 했는데 검색하니 딱 나와서 기분이 좋네요
0,10,이번에 아이폰7을 좋은 기회에 무료로 바꿨어요. 필름과 액정도 함께 보내주셨어요. 감사합니다. 128기가. 용량도 크고 디자인도 맘에 들어요. 해피콜 상담도 친절하고 좋았어요. 구입후 다음날 바로 받았어요. 기존 유심칩을 사용해서 셀프개통했는데 생각보다 어렵지 않아 금방했어요. 앞으로 2년동안 잘 사용할것 같아요. 좋아요~~~,가개통폰이라 가격이나 성능은 이상없지만 2년간 선택약정이 안됩니다. 대리점갔더니 그전사용자가 위약금처리안해서 그렇다고 하고요전화는 안받으시고 문의글은 제대로된 답변은 안해주시네요.기존폰에 유심넣고 선택약정 새로 걸고 유심기변으로 씁니다.,정말  아예새제품 맞구요!! 요즘 6s  64기가 구하기 힘든데 잘 산 것 같아요!! 특히 기변만 해야되는 상황이어서ㅠㅠ 찾기 힘들어서 공기계 찾다가 아주 좋은 기회를 얻었네요 ㅎㅎ 전화상담도 매우 친절하고 배송은 결제하자마자 바로 시작돼서 좋았어요!! 
0,11,단종색상 득템 감사,오프라인 대비 저렴하게 구입해서 좋습니다. 원하는 컬러 및 사은품 반영되어 주문후 수령하기 까지 4일 가량 걸렸네요ㅡ,잘샀다고 생각합니다. 뽑기운이 좋았다고 해야하나?? 나름 문제되고있는 현상들은없숨돠 약간의 사은품을 살포시 바랬지만 그래도 잘샀다고 생각합니다.
0,12,박스에는 취급주의가 씌여있는 테이프로 둘러져 있고 박스안 제품은 뽁뽁이로 잘 감싸져서 배송되었어요..이전에 사용하던 아이폰6s와 사이즈가 거의 동일해서 더 맘에 들고 용량도 넉넉하네요..동봉해 주신 하드케이스는 딱딱해서 잘 끼워지지 않아 사용하긴 힘들거 같아요. 필름은 잘 부착했고 여러모로 잘 사용하겠습니다 ~~,"공식 판매점이면서도 네이버페이로 구매하기 더 이익이 많다보니 구매를 결정했습니다.우선 배송이 아주 빨라요! 구매한뒤 바로 다음날 영업시간에 배송준비뜨고.. 워낙 중요한 물품이라서 뽁뽁이로 아주 철저하게 포장해주셨습니다 ^^;; 덕분에 택배가 오는 중에 무슨 수난을 겪었는지 작살이 났는데, 겉 박스를 여니 안에 아이폰 구성품박스들은 먼지 하나 없이 아주 멀쩡하더군요!사실 애플스토어에서 자주 만져보고 아 갖고싶다.. 이랬다보니 뭔가 특이하다 이런 점을 얘기할만한 건 없습니다! 하도 완성도도 높고, 그 중에서도 SE버전이라 상대적으로 저렴한 가격에 큰 손색없는 성능 등이 SE2를 구매하게 되는 내력이니까요!네이버쇼핑에서 가격비교를 하면 더 저렴하게 구매할 수 있는 곳도 꽤 있기는 합니다. (통신사 변경 및 기기변경이 아닌 완전 자급제 기준) 다만 네이버페이 적립이나 자체적인 할인, 애플케어플러스 할인, 구성품 할인구매 등의 경우 애플 공식스토어에서만 구매하실 수 있으니 꼭 참고해주세요!유일하게 아쉬운 점은 클리어 케이스패키지는 조금 불편하더라고요 ㅠㅠ 젤리형 케이스가 아닌 좀 단단한 플라스틱이라서 아이폰이 깨질까봐... 그냥 스페어로 두고 부드러운 케이스 하나 주문해서 맞추려고 합니다 ㅠㅠ아무쪼록 잘 쓸게요!!!","상품은 마음에 듭니다. 레드 색상 이뻐요. 그런데, [강화유리필름+클리어 케이스 패키지] 옵션은 선택하지 마시기를 권장드립니다.1. 필름 크기가 화면에 너무 딱 맞는 탓에 조금만 어긋나게 붙여도 필름 경계와 화면 경계 사이에 빛 산란이 일어납니다. 저는 그냥 참고 쓰기로 했습니다.2. 케이스는 실리콘이 아닌 플라스틱 재질로, 최초 결착 시 전원 버튼과 볼륨 조절 버튼에 걸려서 결착이 잘 안 됩니다. 버튼에 무리가 가고, 옆면에 스크래치가 날까 조마조마하더군요. 그래서 실리콘 케이스를 따로 구매햐였습니다..."
0,13,기기변경으로 아이폰구매하고싶었는데제가알아본곳중에서 조건도 제일 괜찮고 저렴해서 구매했어요현금완납이라서 너무 잘산것같네요그전에는 아이폰6사용했는데 6s로 그래도 한단계 업그레이드 했어요 ^^휴대폰 너무 좋구요. 기기변경으로 유심그대로 사용하는걸로했는데 휴대폰도 안끊기고 그다음날 오후에 바로받아서 새폰 사용중이예요 128기가라서 용량걱정도없을것같네요^^!!재조년월도 관심있게생각안했는데 18년1월이라고 되어져있어요.!!! 넘나맘이듭니다 색상은 현재 스페이스그레이 이색상만 된다고하셨구요~~~! 원래사용하던 요금제라서 요금이 더많이나가고 그런것도 없어요~~~^^기기변경으로 아이폰 저렴하게 구매하고싶으신분들께 강추?? 2년동안 6s 이쁘게써보겠습니다~~~~~!!!^^상담하시던분도 너무 친절하게 잘 응대해주셨구요가입신청서 작성하는것도 어렵지않아요 ! 혹시 걱정이신분들은 잘알려주시니까 그대로 따라하시면됩니당^^ 넘넘좋아요 ㅠㅠ주변분들한테도 언능 전파해야겠습니다 !!!!!!!!!!!!!!,"혹시나 스마트폰 구매하실 분들 위해 구입과정과 후기를 자세히 써봅니다.  피쳐폰을 오래쓰다가 처음 스마트폰으로 바꿨는데 정말 신세계네요;실제로 받아보니 정말 예쁘고 정말 얇고 정말 화면이 엄청 큽니다!!제가 고른건 블루인데.... 실물이 훨씬 더 예쁘네요.. 은은한 하늘빛 파스텔톤!!또 소재가 은은하고 고급스러운 광택의 풀메탈바디...삼성로고 찍힌 기기 뒷면이 특히 이쁩니다. 5.7인치 풀HD 아몰레드 화면도 정말 크고 선명하구요.뭣보다 생각보다 기기가 넓고 크면서도 얇아서 놀랐습니다.카메라화질도 정말 좋구요.고속충전이라 완전충전까지 1시간 넘게 걸리는 정도네요. 다만 유일한 단점이라면;;;; 음악나오는 스피커가 오른쪽 측면에 달렸습니다.. -_- 이건 좀 이해가;  저는 솔직히 너무 비싼 S시리즈는 아예 관심도 없구요;;A시리즈가 가성비의 전설로 유명하죠... 요즘 가격대비스펙이 우수한 모델을 찾다가 A8 2016이 사실상 공짜폰으로 나온걸 보고열광하면서 며칠간 심사숙고 끝에 구입했습니다.사실 몇달전부터 A7(구형)를 고민했는데... A8이 갑자기 공폰으로 등장했더군요. 온라인에서 이곳이 가장 조건이 좋은것같네요. 물론 현금완납이구요. 기계값도 5천원밖에 안하고 요금제도 자유구요. 당연히 추가금 없고... 유심비만 익일 청구되구요. 본인이 선택한 요금제의 요금만 매달 내면됩니다.인터파크에서 기기를 결제주문하면 대략 1시간 안에 이메일로 신청서가 오고... 신청서 작성하고나면 대략 1~2시간 후에 해피콜이 오더군요.. 암튼 해피콜 통화후 밤8시쯤에 기존휴대폰이 정지되고 선개통으로 당일 배송돼서 다음날에 배송받았습니다.저는 선개통이라고해서 박스개봉일줄알았는데 박스는 미개봉이구요... 동봉된 유심칩만 삽입해서 개통번호만 입력하면 바로 사용가능합니다.박스부속품은 충전기,이어폰,간단설명서,유심칩-메모리카드 트레이(장착하는 곳)를 꺼내는 분리핀입니다. 사은품으로 젤리케이스와 액정보호필름 받았습니다.근데 이미 스마트폰 공장출하시 원래 보호필름이 있긴합니다. 저는 귀찮아서 그냥 쓰는중;; 암튼 제 가족들이 폰을 바꾼다면 꼭 다시 구입하고싶네요.그리고 참고로 말씀드리면....과거에는 휴대폰 신청서 작성할때 본인인증을 위해 주민등록사본을 이메일로 보냈었는데.... 요즘은 범용공인인증서나 신용카드로 본인인증을 하더군요;; 저는 체크카드만 있고 신용카드가 없어서 일부러 은행가서 인터넷뱅킹 신청후 온라인으로 범용공인인증서를 발급받아서 신청서작성할때 인증했습니다;; 과정이 좀 복잡하긴한데... 암튼 번거로움이;; 그래도 주민등록사본으로 인한 개인정보유출을 막을수있어서 좋긴합니다....","가격대비 너무 만족스럽게 잘쓰고 있어요^^ 원하는 색상이 없어 조금 기다리긴했지만 너무나도 친절하게 상담해주시고 배려해주셔서 너무 감사했어요. 믿고 구매할 수 있을까 하는 생각때문에 온라인상으로 폰 주문하기 매번 조심스러웠는데, 다음에도 폰 구매하게 되면 여기서 구매하려고 합니다. 감사히 잘 쓰겠습니다. 고맙습니다."
0,31,빠른 배송에 감사드리며 제품성능 모두 만족합니다.,가격도 저렴하고 성능 좋아요 사은품으로 케이스도 주셨네요 감사합니다. ,현재 기준으로 가격이 가장 저렴했고 자녀 첫 스마트폰으로 선택했는데 성능도 무난해보이고 디자인도 깔끔해서 아이가 좋아합니다. 
0,32,가성비 좋은 핸드폰. 2400만 화소에 64g 메모리. 흠이라면 제조된지 7개월 되어가는 폰이라는거 정도. 자체적으로 액정보호필름 붙어있고 투명젤리케이스가 들어있네요. 이어폰에 고무는 보통 대중소로 3가지가 들어있던데 중 사이즈로만 하나 있고. 핸드폰 받은 다음날 판매자가 보내준 강화글라스액정보호필름과 투명젤리케이스가 왔네요.,쓰던 폰들이 박살나서 이번에 하나 구매했어요. 잘 쓰겠습니다. 카메라도 좋네요.,여러날 고민하다가 기변해드렸어요. 큰폰이라 불편해하실까봐 걱정했는데 제꺼 노트5 랑 크기가 비슷합니다. 더크지도 않아요. 카메라 잘 나오고 전화잘되고 카톡하고 충분하네요. 좋아요.
0,33, 판매자님이 기프티콘 한달이 다 되도록 안보내주시네요..ㅠㅠ  그리고 폰은 성능 괜찮아요. 겜을 많이 하는것도 아니라서.. 카메라 기능들은 정말 맘에 들고 화소도 좋네요. 밝게 잘 찍혀요. 손떨림 기능 없지만 만족스럽네요~~ 기변이라 유심칩은 인터넷 찾아보고 가이드 출력해서 잘라 썼네요.  암튼 기프티콘 주세요~  ,왠만하면 댓글 잘 안적는데 프리미엄 상품평까지 적고 있습니다.^^갑자기 와이프 폰이 고장 나는 바람에 이리저리 알아보았는데결론은 제가 다니는 H기업 특판보다 여기가 더 싸요.^^처음 제가 잘몰라서 카카오톡으로 요금제 및 유심과 관련된 질문을 했는데 너무 친절히 응대해 주셔서 감동이었습니다.~^^하지만 감동은 여기서 끝이 아니었습니다.결제후 친절 목소리의 상담사가 해피콜을 주셔서 요금제 및 주의할점을 확인 시켜주시고 폰이 고장난걸 아시고 금요일 마감 시간이 다됐음에도 불구하고 토요일에 받을 수 있도록 빠른 일처리른 해주셔서 무한 신뢰가 가더라구요~^^하루 만에 우체국 택배로 받아봤는데요.뽁뽁이로 꼼꼼한 포장과 친절한 안내장이 있어서 어려움 없이등록했습니다. (필름 및 케이스 동봉)와이프가 너무 좋아합니다. 너무너무 감사드립니다.비록 비싼 폰은 아니지만 안내장에 끝까지 VIP로 모시겠다는 말에 다음부터 우리집 핸드폰 구입은 단골이 생겼네요~^^,"원래 부터 이 기종을 하고 싶어서 싼곳을 찾다보니 여기로 왔네요.휴대폰을 바꾸려고 여러 업체를 전전했는데 이곳만한 곳이 없었네요.색상, 요금제등 요구사항도 다 들어주시고궁금한게 많아서 카톡으로 여러번 질문했는데 그것도 매번 친절하게 답변해주시구요. (카톡이 다 지워지는 바람에 캡쳐를 못해서 아쉽네요)기계도 문제없이 아주 빠른 배송으로 받았습니다. 개통도 요청후 2시간 이내에 바로 ?구요. 아 투명케이스랑 필름도 챙겨주셔서 바로 깨끗하게 사용할 수 있는 점도 좋았네요.덕분에 기분 좋게 기변 했네요^^  감사합니다!사진은 서치해서 올립니다. 블루투스 이어폰! 원해요!!ㅋㅋ"
0,34,기기변경하기 쉽지않은데 저렴하게 잘 구입했어요~~ 성능도 좋고..색상도 이쁘고..아주 만족합니다~ 이전에 노트3 사용했는데 펜을 잘 사용하지 않아서 그전과 비교해거 불편함 없이 잘 사용하고 있습니다. 디자인도 더 얇고 좋네요~주문이 많았던지 배송이 좀 많이 늦어져서 불편했지만..그래도 기다린 보람이 있는 제품이었습니다. 잘 쓸께요~~,포장도 이쁘게 잘돼서 기분좋구요 이어폰이랑 충전기 다 들어잇네요 젤리케이스가 안온게 좀 아쉽지만 핸드폰 색상이랑 디자인 너무 이쁘고 2년약정 충분히 할만 합니다 갤럭시 에스 세븐하나도 부럽지 않네요 이정도 보급형이면 기기변경하시려는 분들 강추합니다,"설 연휴 기간 중에 주문하고 2/2일에 수령 하고 15분 정도만에 개통 완료 하였습니다.여행은 가야되는차에 갑자기 폰 gps가 안되서 급하게 구매한건데, 빠른 처리 덕에 잘 다녀왔어요! 폰이 조금 얇아서 한손으로 잡고 이용하기가 어렵지만, 보급형 치고는 잘 쓸수 있을 거 같습니다.색상도 처음에는 실버 산거 후회했는데, 쓰다보니 시크해 보이고 좋아요 ㅎㅎ주위에서도 이쁘다고 하구요! 추천드립니다!"
0,35,작은폰이 좋아서 아이폰만쓰다가 갤럭시로 넘어오고싶어서 A3로 골랐어요~조금만 더 작으면 좋겠지만 그래도 요즘 폰 중엔 작은싸이즈라 너무 만족스러워요^^인터넷으로 구입이 처음이라 카톡으로 이것저것 귀찮게 많이 물어봤는데 친절히 다 답변해주셔서 너무 좋았어요^^ 해피콜도 너무 친절하셔서 기분좋게 기다릴수있었네요~지방에사는데도 배송은 해피콜 후 오후6시쯤 입금하고 다음날 오전10시에 수령했어요ㅋㅋㅋ 너무 빨라 당황했네요ㅋㅋㅋ원래 상품평 잘 안쓰는데 보조배터리랑 투명케이스 보호필름까지 모두 넘 맘에들어서 상품평도쓰고 @폰도 주변에 추천 많이했어요ㅋㅋㅋ예쁘게 잘 쓸께요^^ 감사해용~♡,가격대비 좋네요. 얇아서 주머니에 넣고 다녀도 부담스럽지 않아서 좋고요. 기능은 기존에 쓰던 갤럭시3보단 조금 못한 것 같지만 카메라가 좋은것 같아서 좋네요. 화면 자동회전 온 오프를 어떻게 하는지 모르겠네요. 흰색을 샀으면 더 좋았겠지만 검정색도 아이폰과 비슷한 디자인으로 깔끔하니 좋습니다.,
0,36,갤럭시 a5 2016 가격이 많이 떨어져서 구입했어요. 보급형 치고 스펙이 좋고 실제 쓰기에도 갤럭시 s시리즈에 부족함이 없네요. 용량이 16기가로 부족한 것과 무선충전이 안되는 점 등 몇개가 빠져 있긴하나 삼성페이도 되고 기기 디자인이 괜찮습니다.,삼성페이 지원에 짱짱한 배터리 게다가 정말 얇고 가볍습니다! 너무 너무 만족합니다,만족합니다.색상도 잘 나오고 고급스럽네요.생각보다 저렴하게 잘 구매했습니다.만족합니다.색상도 잘 나오고 고급스럽네요.생각보다 저렴하게 잘 구매했습니다.
0,37,택배 기사님과 연락이 안되서 이틀만에 받았지만 연락이 잘 된다면 하루만에 배송을 받을 수 있었네요 그리고 2016 a7 이 지금도 빠지지 않는 기능과 성능이고 가격도 잘 나와서 처음으로 휴대폰 사고 돈 아깝다는 생각이 안 드네요 그리고 서비스로 주시는 필름이랑 케이스도 있어 외장메모리 구입말고는 추가적인 돈도 들어가지 않습니다~ 아무튼 가성비 최곱니다,"부모님 폰이 갑자기 망가져 구매했습니다 갤a7은 중저가폰이지만 불필요한 기능은 없는대신, 실제 많이 쓰는 기능만 있어 가성비도 나쁘지 않고, 배터리용량도 오래가 선택했습니다. 게임 등 고사양이필요한게 아니라면 추천드리고 싶습니다 배송도 구매일 바로 발송해주셔 다음날 안전히 받았습니다 머큐리케이스랑 보호필름 사은품도 감사합니다",친절하고 신속하게 일을 처리해주셔서 감사합니다^^ 요즘 폰은 왠만큼 성능이 다 괜찮아서 갤럭시a7정도면 충분한 사양으로  쓸수있을것 같아요~(게임안함) 올해나온 모델보다 16년도 모델이 디자인도 더 예쁘고 무게도 가볍더군요~ 다만 제품포장해주실때 뽁뽁이같은 완충제를 넣어주셨다면 더 좋을것 같아요~^^
0,38,여러 모델비교 검색하고 결국 갤a8 2018 골드 구입. 색깔을 직접 본적이 없어 좀 걱정했으나 그럭저럭 맘에 들고 폰 기능은 아직 알아가는 중. 조금 무거워 오래 사용하면 손목이 좀 아픔. 신속히 처리해주셔서 감사합니다.  택배기사님이 집앞에 그냥 두고 가셔서 도착한 줄 모르고 있었음.,"배송 빨리 해주셔서 좋았고, 핸드폰은 좀 무거운 거 말고는 쓸만해요. 블루컬러 샀는데 사이드가 핑크골드색이라 실물로 보면 화면이랑 다르게 보여서 받아보고 순간 의아했음ㅋㅋ 가격이 일주일새 좀 더 내려간 것 같아 약간 속이 쓰리지만 잘 쓰겠습니다",우선 해피콜 친절하게설명 잘해주서 감사합니다기기는 생각보다 너무 좋네요노트4  사용하는데 화면이 좀 작아서 적응 하긴해야하는데 그래도 상당히 만족합니다다만 유심이 기존거랑 틀려서 다시 매장가서 구매하는 번거러움이 있는데 그거는 옵션으로라도 판매하셔서 변경해주셨으면 좋겠네요
0,39, 판매자님이 기프티콘 한달이 다 되도록 안보내주시네요..ㅠㅠ  그리고 폰은 성능 괜찮아요. 겜을 많이 하는것도 아니라서.. 카메라 기능들은 정말 맘에 들고 화소도 좋네요. 밝게 잘 찍혀요. 손떨림 기능 없지만 만족스럽네요~~ 기변이라 유심칩은 인터넷 찾아보고 가이드 출력해서 잘라 썼네요.  암튼 기프티콘 주세요~  ,왠만하면 댓글 잘 안적는데 프리미엄 상품평까지 적고 있습니다.^^갑자기 와이프 폰이 고장 나는 바람에 이리저리 알아보았는데결론은 제가 다니는 H기업 특판보다 여기가 더 싸요.^^처음 제가 잘몰라서 카카오톡으로 요금제 및 유심과 관련된 질문을 했는데 너무 친절히 응대해 주셔서 감동이었습니다.~^^하지만 감동은 여기서 끝이 아니었습니다.결제후 친절 목소리의 상담사가 해피콜을 주셔서 요금제 및 주의할점을 확인 시켜주시고 폰이 고장난걸 아시고 금요일 마감 시간이 다됐음에도 불구하고 토요일에 받을 수 있도록 빠른 일처리른 해주셔서 무한 신뢰가 가더라구요~^^하루 만에 우체국 택배로 받아봤는데요.뽁뽁이로 꼼꼼한 포장과 친절한 안내장이 있어서 어려움 없이등록했습니다. (필름 및 케이스 동봉)와이프가 너무 좋아합니다. 너무너무 감사드립니다.비록 비싼 폰은 아니지만 안내장에 끝까지 VIP로 모시겠다는 말에 다음부터 우리집 핸드폰 구입은 단골이 생겼네요~^^,"원래 부터 이 기종을 하고 싶어서 싼곳을 찾다보니 여기로 왔네요.휴대폰을 바꾸려고 여러 업체를 전전했는데 이곳만한 곳이 없었네요.색상, 요금제등 요구사항도 다 들어주시고궁금한게 많아서 카톡으로 여러번 질문했는데 그것도 매번 친절하게 답변해주시구요. (카톡이 다 지워지는 바람에 캡쳐를 못해서 아쉽네요)기계도 문제없이 아주 빠른 배송으로 받았습니다. 개통도 요청후 2시간 이내에 바로 ?구요. 아 투명케이스랑 필름도 챙겨주셔서 바로 깨끗하게 사용할 수 있는 점도 좋았네요.덕분에 기분 좋게 기변 했네요^^  감사합니다!사진은 서치해서 올립니다. 블루투스 이어폰! 원해요!!ㅋㅋ"
0,61,인터넷 최저가라 여기서 구매했는데 배송도 온라인 신청서 작성 하고 일주일 다되서 출고해주고.. 늦게 받은 탓에 주말겹쳐서 개통도 안되고 신청서에 빼먹어서 전화로 유심 추가해달라했는데 유심도 안주고  전화받는 분은 알바인지 물어볼때마다 담당자한테 알아봐준다하고 다이렉트로 되는일이 없다. 대리점 전화만 몇번을 했는지ㅠㅠ 핸드폰 첫 구매라 아무데서나 샀는데 동네 대리점이 친절하고 서비스 진행속도가 빠르다는 것을 깨달았다..ㅡㅠㅡ,"사은품 보내준다고 20일 기다리게하고 문의하니 이제 이벤트였고 재고소진이라뇨? 리뷰시 사은품은 이벤트인건 봤네요. 이벤트도 아니었고 구매당시 전화로 설명까지  들었어요(재고시 사은품 없다도 해당않됨) 첨부터 말했으면 기다리지않고 구매를 했죠.어차피 온다생각에 불편해도 기다리다 물어보니. 이뱐트 였다니. 화면은 열리지도 않아 증거도 없고. 취소하고 싶어도 위약금 있어 소비자만 손해고. 품절이라 화면도 못열고, 인터파크도 이런일 예방할수 있게 판매자 조정방법좀 모색하시죠?",성능 좋은 폰을 저렴?(공짜!)하게 샀어요. 금요일에 주문해서 월요일에 택배받아 화요일 오후늦게 개통했어요~ 번호이동해서 사용하는거면 가격적인면에선 매우만족합니다! 주위에 소문 내야겠네요~ 감사합니다. 번창하세요!
0,62,"몇 주를 고민하다 큰 돈들어가는 현금완납폰 24개월 분납보다는 사용패턴에 맞게 요금할인 25를 선택한것이 맞는다는 생각에 구매결정  다음날 전화바로 주시고, 색상변경도 해주시고,  유심칩은 대리점가서 잘라서 사용했습니다. 친절한 상담 빠른배송  추천합니다","갤럭시팝 3년넘게 썼는데, 메모리용량도 작은데다가 이제 밧데리도 한계에 달했는지 충전해도 얼마 못 가고, 완충이었는데 갑자기 꺼지더니 0로 변해서 어쩔 수 없이 바꿨어요.이왕이면 최신형 사려면 큰맘 먹고 갤럭시s7선택.에누리랑 네이버로 검색해서 그나마 가격 싼 이곳에서 구입.빨리 받고 싶어서 직접 방문수령했습니다.직원분이 설명 꼼꼼하게 잘 해주셨어요.궁금한 것 물어보면 답변도 잘 해주시고...필름,케이스도 챙겨주셨어요.64기가 하고 싶었는데 핑크들은 32기가라네요.핑크블라썸하고 핑크골드 색상때문에 고민 많이 했는데,핑크블라썸이 개취 색상이긴한데 플라스틱인것 같고, 스뎅도 갖고 싶었던지라 그냥 핑크골드했어요.형광등 아래서는 살짝 핑크빛 골드끼가 많이 도네요.우선 쓸데없는 기본 어플 지울 수 있어서 좋았고, 기본앱도 쓸만한게 많아서 괜찮네요.충전은 확실히 빨라요.아직 모든 기능을 사용해보지않아서 잘은 모르겠어요.","기기값을 완납하여 사본적이 처음이라 문의게시판을 이용했는데 피드백도 빠르고 좋았습니다. 또 쿠폰 등을 통한 할인, 기기값 전액을 지불하다보니 할부수수료가 없는 점, 밴드요금제 외 맞춤형 요금제도 선택할 수 있는게 좋았어요.  공시지원이 아니니 요금할인+선택약정할인도 가능합니다. 기기변경신청서 작성 시 요구사항(요금제,색상 등)을 적어두니 해피콜 시 바로 반영되어서 편리했습니다. 필름2장과 기본 플라스틱 케이스가 왔고 필름1장을 붙이다가 실수로 한꺼번에 다 벗겨버리는 바람에 ㅜㅜ 한장은 그냥 날렸어요. 붙이고 커버지 뗄 때 조심하시길! 그리고 기기변경신청서가 메일로 날라왔는데, 맞춤형요금제로 사용 중임에도 신청서 작성시 임의로 작성한 밴드29로 적혀있어서 의아했습니다. 티월드에서는 정상적으로 확인되서 걍 넘어갔어요. 그리고 유심을 끼우고 유심다운로드과정이 있는데 계속 실패한다고 나와서 ㅜㅜ 한 3시간넘게 휴대폰이 먹통이 되어 답답했습니다. 한번씩 유심이 정상적으로 다운되지 않는다고 하네요. 인터넷으로 사니 이런 부분이 좀 불편했습니다. 휴대폰 사자마자 작동이 안되서 ㅜㅠㅜ 결국 대리점가서 해결했지만 지금은 아주 잘 사용하고 있어요!구매할 때처럼 할인 등이 좋아지면 가족도 바꿔줄 예정입니다!"
0,63, 7월 31일 점심때쯤  주문해서 8/1일 오후 5시쯤 cj택배로 받았어요 원래는 a7을 구하고 싶었는데 품절이라서.....비슷한 성능의 가성비 갑인 a5를 알아보다 가 온라인에서 구매했어요.... 요금제 상관없이  번호이동으로 할부금0원에  단말기대금 0원으로 24개월 약정에 구매했구요..  데이터검색정도만 할꺼라서...T플랜스몰요금제로  요금제 금액만 내는걸로 했구요... 신청화면에 요금제 선택안 되는데 그거 상관없어요....신청할때  적는 이메일 주소로 신청서 받고서  이메일로 받은 신청서에서  요금제 작성하고 보내면 됩니다.. 이메일주소적고 신청하기하면 화면에 신청서 뜨는데 그거 안되요....첨에 당황했음..ㅎㅎ;; 화면에 나와있는 고객센터에 전화하셔서  11번가에서 신청하셨다고하면 이메일주소로 신청서 보내주세요~~~  그거 작성하고   작성한날 당일 저녁6시쯤  내핸드폰 끊어지고 다음날 개통 배송돼요.. 사은품으로....액정필름/보조배터리/핸드폰케이스 3종 받았어요.. 덕분에 잘씁니다..^^ 방수방진돼는 중저가폰으로 구매잘했구요...사이즈가 a7보다 조금 작지만 손에 잡히는 그립감은 좋아요.. 박스 보니까 2018년 5월 제조일로 되어있네요....박스 3면이 스티커로 개봉된 흔적이 없이 잘왔어요....이상없이 오래 사용할수있음 좋겠네요...^^ ,"서류 처리도 깔끔하게 해주시고, 색상도 원하는 것으로 일부러 구해 주셔서 감사합니다. 빠르게 진행 됐구요 가격도 아주 좋습니다. 마지막 보험처리 까지도 깔끔하게 해서 아주 만족 스러운 구매 였습니다. 다만, 단말기가 색상 때문인지 만든지 1년 가까이 된 재고 더라구요  ","부모님 핸드폰 바꿔드리려고 알아보다 구매하게 되었구요,저렴한 가격에 잘 구매한 것 같습니다.상품이 인기 있다보니 원하는 컬러 (골드, 핑크) 등은 구할 수가 없어서실버랑 블랙으로 진행했구요. 판매자분이 정확하고 빠르게 처리해주셔서큰 어려움 없이 진행했습니다.한가지 아쉬운 점은 핸드폰 보내실때 택배박스가 많이 손상되어서 왔어요.내부 포장제 (에어캡 등) 이 전혀 없는 상태였는데, 혹시나 기기에 이상 있을까 노심초사 했습니다.이 부분은 이후에도 꼭 보완되었으면 합니다."
0,64,"노트2쓰다 충전단자가 망가져 수리하자니 아깝고해서 구입했는데 가성비로치면 갑이네요.삼성페이 지문인식으로 신용카드,교통카드 안가지고 다니니 편해요 가볍고 그립감도 괜찮아 들고다니기도 좋아 젤리케이스끼우고 쓰고 있어요.골드하려다 늦는다고해서 사파이어블랙했는데 은근 이뻐요^^","당일 신청해서 당일에 받아보고 개통까지~ 최근 생산된 따끈따끈한 제품~미개봉 씰~~ 친절한 응대~수많은 결제를 하고 물건을 구입했지만, 이렇게 좋은 업체 만나기 드문 것 같아요~ 이 업체에서 다른 핸드폰 개통 기다리는데, 정말 믿음이가고 특히 응대가 친절해요~제품 말할것도 없고~ 골드보단 블랙이 훨씬 엣지플러스 디자인엔 케이스를 끼워도 다 어울리고, 그 자체로도 색이 오묘하고 중후한 맛이 납니다. 엣지플러스는 사양도 좋고, 액정도 노트급이고, 가볍고~ 가성비 최고죠~~ 감사합니다. 주변에 많이 알릴게요~^^",제목 그대로입니다. 이 폰을 사용하기 전에는 미련하게 통신사의 말빨에 속아 핸드폰을 100% 제값 주고 사서 사용했습니다. 약정 및 할부의 노예로 3년을 살다 교체 시기가 와서 이리저리 핸드폰을 알아보던 중 갤럭시s6엣지+ 를 알게되었습니다. 작년에 출시된 제품이기는 하지만 사용해보니 앞으로 2년은 잘 사용할 수 있을 것 같네요. 
0,65,"노트2쓰다 충전단자가 망가져 수리하자니 아깝고해서 구입했는데 가성비로치면 갑이네요.삼성페이 지문인식으로 신용카드,교통카드 안가지고 다니니 편해요 가볍고 그립감도 괜찮아 들고다니기도 좋아 젤리케이스끼우고 쓰고 있어요.골드하려다 늦는다고해서 사파이어블랙했는데 은근 이뻐요^^","당일 신청해서 당일에 받아보고 개통까지~ 최근 생산된 따끈따끈한 제품~미개봉 씰~~ 친절한 응대~수많은 결제를 하고 물건을 구입했지만, 이렇게 좋은 업체 만나기 드문 것 같아요~ 이 업체에서 다른 핸드폰 개통 기다리는데, 정말 믿음이가고 특히 응대가 친절해요~제품 말할것도 없고~ 골드보단 블랙이 훨씬 엣지플러스 디자인엔 케이스를 끼워도 다 어울리고, 그 자체로도 색이 오묘하고 중후한 맛이 납니다. 엣지플러스는 사양도 좋고, 액정도 노트급이고, 가볍고~ 가성비 최고죠~~ 감사합니다. 주변에 많이 알릴게요~^^",제목 그대로입니다. 이 폰을 사용하기 전에는 미련하게 통신사의 말빨에 속아 핸드폰을 100% 제값 주고 사서 사용했습니다. 약정 및 할부의 노예로 3년을 살다 교체 시기가 와서 이리저리 핸드폰을 알아보던 중 갤럭시s6엣지+ 를 알게되었습니다. 작년에 출시된 제품이기는 하지만 사용해보니 앞으로 2년은 잘 사용할 수 있을 것 같네요. 
0,66,"노트2쓰다 충전단자가 망가져 수리하자니 아깝고해서 구입했는데 가성비로치면 갑이네요.삼성페이 지문인식으로 신용카드,교통카드 안가지고 다니니 편해요 가볍고 그립감도 괜찮아 들고다니기도 좋아 젤리케이스끼우고 쓰고 있어요.골드하려다 늦는다고해서 사파이어블랙했는데 은근 이뻐요^^","당일 신청해서 당일에 받아보고 개통까지~ 최근 생산된 따끈따끈한 제품~미개봉 씰~~ 친절한 응대~수많은 결제를 하고 물건을 구입했지만, 이렇게 좋은 업체 만나기 드문 것 같아요~ 이 업체에서 다른 핸드폰 개통 기다리는데, 정말 믿음이가고 특히 응대가 친절해요~제품 말할것도 없고~ 골드보단 블랙이 훨씬 엣지플러스 디자인엔 케이스를 끼워도 다 어울리고, 그 자체로도 색이 오묘하고 중후한 맛이 납니다. 엣지플러스는 사양도 좋고, 액정도 노트급이고, 가볍고~ 가성비 최고죠~~ 감사합니다. 주변에 많이 알릴게요~^^",제목 그대로입니다. 이 폰을 사용하기 전에는 미련하게 통신사의 말빨에 속아 핸드폰을 100% 제값 주고 사서 사용했습니다. 약정 및 할부의 노예로 3년을 살다 교체 시기가 와서 이리저리 핸드폰을 알아보던 중 갤럭시s6엣지+ 를 알게되었습니다. 작년에 출시된 제품이기는 하지만 사용해보니 앞으로 2년은 잘 사용할 수 있을 것 같네요. 
0,91,가격만족도/성능/사용편의성 등 : 굿 상태/배송 : 선개통후 25시간만에 배송완료 그 외 도움이 될 만한 사용후기 : 최저가라 만족이구요 발열이 조금 있지만 그외는 대만족이에요. 노트가 역시 좋네요.ㅎ 옥션 안드로이드 앱으로 작성,아들 폰 바꿔줬더니 좋아합니다.개통돼와서 먼저폰 유심 빼서 끼우고 전원 껐다 키니까 바로 되고 아주 간편합니다. 5는 배터리가 내장돼 불편하다고 4로 원해서 배터리 한개 더 사줘야겠어요. 필름도 두 장이고 맘에 안드는건 케이스라 케이스도 사려구요.ㅎㅎ,잘 받았습니다.휴대폰이 갑자기 고장나는 바람에 A/S센타를 다녀왔는데 수리비용이 너무 많이 나와서 급하게 기변하게 되었네요.금요일 오전중에 신청하였고 토요일에 수령했습니다.판매자님의 잘못은 아니지만 충전기 킷이 없는지 몰랐네요.배터리도 노트4는 하나만 있는지 몰랐구요.구성품에 대한 부분만 본문에 기재되어 있다면 더 좋았을거 같습니다.
0,92,가격만족도/성능/사용편의성 등 : 굿 상태/배송 : 선개통후 25시간만에 배송완료 그 외 도움이 될 만한 사용후기 : 최저가라 만족이구요 발열이 조금 있지만 그외는 대만족이에요. 노트가 역시 좋네요.ㅎ 옥션 안드로이드 앱으로 작성,아들 폰 바꿔줬더니 좋아합니다.개통돼와서 먼저폰 유심 빼서 끼우고 전원 껐다 키니까 바로 되고 아주 간편합니다. 5는 배터리가 내장돼 불편하다고 4로 원해서 배터리 한개 더 사줘야겠어요. 필름도 두 장이고 맘에 안드는건 케이스라 케이스도 사려구요.ㅎㅎ,잘 받았습니다.휴대폰이 갑자기 고장나는 바람에 A/S센타를 다녀왔는데 수리비용이 너무 많이 나와서 급하게 기변하게 되었네요.금요일 오전중에 신청하였고 토요일에 수령했습니다.판매자님의 잘못은 아니지만 충전기 킷이 없는지 몰랐네요.배터리도 노트4는 하나만 있는지 몰랐구요.구성품에 대한 부분만 본문에 기재되어 있다면 더 좋았을거 같습니다.
0,93,저렴하게 잘구매했구요.. 사은품에 혹해서.. 근데 사은품으로 받은 패드 안쓰게 되네요. 일단 화질이 너무 떨어지공.. 배터리도 금방닳고.. 터치감도 별로이공.. 여기까지 사은품 후기?? ㅋㅋ 제품은 맘에 듭니다. 노트4보다 저렴하고..기능은 엣지가 플러스되고.. 잘쓸께요... ,,
0,97,"8월말 접어들때 주문해서 하루만에 배송 받았어요~ 배터리, 성능 , 다 좋지만 s펜은 정말 짱이네요~~!!! 근데 자급제 폰이라 그런건지.. 가끔 전화가 안들어올때가 있어요..ㅠ 지인들이 알려주셨거든요.. 고객의 사정으로 없는번호라고..;; 이런적 단 한번도 없었는데 이번에 자급제 폰으로 바꾸고서 그러네요.. 글고 스마트 스위치로 연결해서 파일이동시키는 도중 전화번호가 엉킨거 빼곤.. 불편함 없이 신랑이랑 잘 쓰고있어요~~ 아 사은품으로 받은 버즈가 위치찾기 할때 나는소리가 새소리던데 너무 작고, 왼쪽버튼 오른쪽 버튼을 반대로( L ,R) 인식하며, 소리가 아예 안날때도 있어요.. 왜그럴까요.. 고장난제품을 보내주신건 아니시겠죠..ㅠ 흑흑","기존에 노트7 fe 로 알뜰요금제 lte사용하다가 폰이 늘어지고 용량이 부족해서 노트20 구매하게 되었어요. 자급제폰으오 계속 lte요금제 사용하니 좋구요, 유심도 그대로 써도 되어서 좋구 개봉된 폰이어서 조금은 걱정 했지만 상태 최상이고 앞면이 액정스티커 붙여짐 상태여서 걱정을 크게 할 필요가 없었네요. 다만 폰 자체 이어폰 방식이 익숙치 않아서 다른 이어폰과 호환이 안되는 부분은 아쉽네요, 그래도 좋은가격에 사서 만족합니다.",배송상태가 좋았습니다 기본적으로 포장 상태 와 갤럭시 노트 20 포장 패키지가 멋지게 되어 있네요  작은 차이지만 너무 큰 디스플레이는 부담스러워서 노트 20으로 선택했습니다 미스틱 브론즈 컬러가 실제로 더 예쁜 듯 노트20울트라 vs노트20  그리고 자급제폰이 처음이라 어디서 구매해야 하는지 고민했지만 노트20을 선택하길 잘한것같아요!  이전 톤보다 더 커졌음에도 그립감은 더 좋네요
0,98,"
판매자분이랑 제가 생각하는 s급 다른가봐요.. 
제가 생각한 s급은 가개통 수준은 아니더라도 진짜 미세한 생활기스 정도 생각했는데.. 
 
와인색? 으로 왔고 접어지는 부분에 눈에 잘보이는 찍힘 1mm정도? 뒷판에 매우 많은 생활기스.. 
 
그외 전면부나 폴더 안쪽은 깨끗했습니다. 
 
당근마켓이나 중고나라.. 뽐뿌 장터에서 
가개통급도 12~14정도면 충분히 자주 보였는데.. 
 
빨리 구하고 싶어서 
s급 믿고 샀는데 조금은 실망이네요
","
헬로모바일 kt 유심으로 사용하는데 바로 인식하고 너무 문제없이 잘 되네요 속도도 좋고 새제품으로 만족합니다
","
폴더폰에 스크린에 터치도 되고 폰자판도 이용 가능하네요 
터치 처음 접하시는 우리 어머니 터치폰 감을 익히시는데 좋을 것 같아요
"
0,99,,,
0,100,기변계약서 구비서류보내고 진짜빠르고 친절하게 진행해주시고 바로보내주셔받앗어요  게임은안돼나봐요 배그할려니 전원이 꺼지네요 밧데리만땅인데말이죠 아이가좀실망은하네요용량이딸리나보네요  그냥아이 학교학습어플 보고연락할때써야겠어요 감사합니다,화면도크고 팔순이신 친정엄마  개통해드렸는데  좋아하시네요  벨소리도크도 개통도 편했어요,디자인 성능 좋아요~
0,101,크기는 갤럭시노트와 비슷하고 속도도 나름 빨라서고사양 게임 안하는 입장에서는 딱 좋은 폰인것 같아요.현금 결제하니 할부 이자도 안나가서 좋고요.저가폰이라 그런지 케이스나 액정보호 필름같은 사은품이 없는건 조금 아쉽네요..암튼 많이파세요..,색감좋고 무상기변 강추 합니다,가장 저렴한 가격에 적당한 성능이네요. 아주 만족합니다.
0,106,다른곳보다 저렴히 판매하길래 바로 구매했어요.노트5쓰다가 갈아탄건데 화면크기는 비슷한데 노트8이 더 길면서 굴곡져서그런가 작아보이네요. 아이콘들도 작아져서 폰이 더 작게만 느껴집니다. 삼성스마트스위치로 모든정보 다 옮기니 편리하고 유심 끼우니 전화도 잘 됩니다.케이스나 필름 서비스는 없댔는데 본품에 기본으로 투명젤리케이스가 포함되어있고 필름은 따로 사야하네요. 아그리고 제조일은 17년12월거라 좀 불만족스럽습니다.오래된제품이라 싸게 행사하는건가싶기도하고요. ,뭐 노트8을 지식인이나 블러그에 검색해보면 10만원대에 샀다... 뭐 요금제 자유다.. 혹은 10만원도 안주고 샀다... 말들이 많죠!! 어디어디 가입해서 사라.. 등등  하지만 전 정직하게 오픈되어있는 곳에서 구매해야 뒷탈이 없을거 같아 롯데에서 구매했네요.상담사님들도 다 친절 하시고 고딩아들도 엄청 만족해 합니다.. 요새 폰 색깔은 아무의미없는거 같네요 앞면이 전부 올 검정색이라.. 뒤는 커버씌우면^^,가격도 저렴하고 친절하게 잘챙겨 주셔서 개통도 바로 하고 좋네요.부모님 스마트폰 바꿔드렸는데 좋아하셔서 기분 좋은것 같네요.보급형 모델은 무선충전 안되는데 메이저 모델이라 무선충전도 되고 화면도 커서여러가지로 좋은듯 하네요. 감사합니다. 많이 파세요.
0,116,사은품 하나도 없이 폰만 왔네요.보호필름과 포토상품평 남기니 삼성무선충전기 꼭 보내주세요.이전 폰도 여기서 구매해서 믿을수있고아마 다음번에도 여기서 기변할거 같네요.사실 사은품 많이 주는곳보다 폰을 더 저렴하게 받는게 더 좋죠.,"해피콜 진행하고 바로 다음 날 바로 받았네요~

빠진 물품 없이 빠르게 잘 받았습니다

케이스랑 필름 서비스 감사합니다

폰 완전 이뿌고, 성능 또한 최고네요

감사합니다","원하는 색상이 없어 며칠 기다리긴 했지만 가입조건도 좋고, 상담 게시판에 답글도 빨리 달아주셔서 아주 만족합니다."
0,125,블랙을 구매할려고 했는데 품절이라 블루로 받았는데 실제 컬러가 이뻐요.성능도 좋고 그립감도 좋고 맘에 듭니다.좋은 제품을 잘 샀어요.,LG에서 나온 폰중에 지금 가장 가성비좋은 폰이라고 봅니다!!! 화면 선명해보이더라구요어머니 폰으로 해드렸는데 굿해피콜 해주신분 엄청 친절하셨어요!!ㅎㅎㅎ 온라인신청서 넘나 간편하고 좋네요 굿굿,마침 기변을 하려는 시점에서 좋은가격에 원하는 색상으로 기변 할수 있고 업무 처리도 빠르게 진행해주셔서 고맙습니다.
0,126,갑자기 가격이 내려가서 이 가격이 맞나 싶을 때 샀는데 정말 기기값은 없다고 생각될 정도로 싸게 구매했습니다. 유심신청을 안했는데  엄마 핸드폰이라서 유심 구매하는 게 까다로워서 하루 정도 엄마가 핸드폰을 못 썼네요ㅜㅠ 다음에는 꼭 유심 같이 구매할게요! 다른 색깔은 다 써봐서 안써본 색깔로 샀는데 좋네요.,"주문은 3월 3일인데, 폰 받은 날은 3월 7일임..  도중에 물량 없어서 물량 입고후 보내준다는 연락 받아서 그런가보다 함.   바로 대리점 가서 기변하고, 이것저것 확인 중...   하단 빛샘 발견, 게다가 이어폰 극갈림까지... 검색해보니 9월인가 새제품에 개선됐다고 하는데,  제조년월은 2018년 5월... 오래되도 한참 오래됐다. 아마 물량 없어서 구한다는 말이 어디 짱박힌거 구하다보니 그런듯...  그나마 a/s는 친절하다는데 낼 바로 찾아가야겠다.   새제품 바로 확인해보고 이래 저래 실망만... ","나름 합리적인 가격으로 잘 구입한것 같아요.. 구입 과정에서 휴대폰 컬러 문의 했었는데,직원분 전화 응대가 빠르게 이뤄지지 않은 점, 서비스로 오는 글라스필름?이 와장창 깨져 있고, 사이즈 또한 g7에 많이 작았다는 점... 정도 아쉽네요. 참고로 대한통운 하루면 거의 받는데 3일째 인가 수령한 것 같습니다. 배송 기다리다가 중간에 핸드폰 안 되서 알려주신 대로 기존폰 전원을 대여섯번 껏다 켰다..아이고야...같은 날 발급신청한 롯데카드보다 더 늦게 오다니..충격 좀 받았네요.. 믿음의 배송 우체국택배 이용하시기를 정중히 권해드립니다. 그리고 엘지폰 6년 만인데.. 많이 발전했네요. G7 몹시 만족합니다!  "
0,127,너무나도 저렴하게 구입해서 기분좋고 부산인데 하루만에와서 또 기분좋고 휴대폰오면 케이스사러 가야지 하고 생각하고있었는데  너무나 고급진 케이스2개에 고급진방탄필름까지 챙겨주시고 너무너무 감사합니다 음질도 성능도 아주마음에들어요 사업번창하세요 오래오래 잘사용하겠습니다 감사합니다,"주문 후 개통, 배송까지 빠르게 처리되어 불편함 없이 바꿨습니다생각보다색 너무 예쁨감사합니다~~~~ ",1마넌의 행복은 바로 이런것이죠.껄껄껄 할원 제로. 육구욕 6개월 심플코스로 유지후  변경가능. 스펙은 갤9 보다 좋은것같습니다.
0,130,"정말 이번 구매 너무 너무 만족스러워요 집앞에 대리점에서 하면 바로 받을수는 있지만어차피 배송이 하루밖에 안걸려서 빨리 받았어요 그리구 우체국택배라 그런지 저는 아침일찍 기사님이 오셨더라구요 총알 배송 ~ 너무 맘에 들어요 ~~~ GOOD~ 사은품도 이렇게나 많이줬어요 솔직히 프리미엄만 봐서나머지는 별 신경안썼는데 꽤 쓸만한게 있더라구요 하나하나 깨알이예요 스마트링이 아주 맘에들어요!!잘쓸께요 ~~ 저는 무난하게 티탄색으로 구매했어요 역시 깔끔하고 곡선형태로 디자인도 마음에 들어요 !!그리고 상담원 직원분도 제가 궁금한거 물어볼때마다 다 상냥하게 대답해 주셨어요 감사합니다. 그분~이름은 모르겠지만 감사드려요 덕분에 좋은구매 했습니다 인터넷으로 폰을 구매하는걸 좀 믿지못했었는데 이번 계기로 편견이 없어졌네요~ 너무 기분좋은 구매였습니다!!후기 작성시 별도로 기프티도 주신다고 되어있더라구요~저도 주실꺼죠? ㅋ,ㅋ 감사드려요 정말 바꿈 고맙네요 ","구매한지 꽤 오래되었는데 이제 후기를 올리네요..우연한 기회에 최고의 특가로 구매를 하였습니다. 전부터 사용하고 싶던 핸드폰이었는데 어머님께 선물하게 되었네요.LG G5 출시가 좀 된거라 그런지 받은 제품 제조년월일이 1년도 더 된거더라구요.핸드폰 성능에는 문제가 없어 보이는데 밧데리 성능은 걱정이 됩니다. 밧데리가 한개이고 추가 사은품이 하나도 없던 것이 아쉽지만,구매 당시 구입특가로는 대만족입니다. ",LG L5 구매는 만족 스럽습니다.핸드폰은 잘 만든듯 하고좀 부족한 부분도 없지않아 있지만기존 지프로투보다는 확실히 좋습니다. 단점은 케이스가 문제 입니다. 한번 떨군적이 있는데 측면에 찍히니깐 페인트가 벗겨?다고 해야 되나? 암튼 약합니다. 생각보다파손이나 그런건 아니지만 찍힘이 좀 남는다는게 그렇네요두번째 굉장히 미끄럽습니다. 핸드폰이손에 감기는 맛보다는 메끈한 느낌인지라 손에서 잘 미끄러 집니다. 케이스 무조건 하는게 오래 쓸듯 싶습니다. 3번째는 충전중 온도가 약간 올라 갑니다.이건 크게 문제가 안될수도 저만 그럴수도 있는거라기존에 지프로투 보다는 굉장히 낮은 온도지만 충전중에 약간 따듯 합니다. 장점은 터지가 편합니다. 전 손가락이 커서 기존 지프로투도 잘못 터치 되는 경우가 많았는데 요번건 확실히 덜해요 크기는 더 작아졌고 자판도 더 작아 졌는데터치가 정확합니다. 보안방법이 참 많아 ?습니다. 지프로투에 비해안면인식 지문인식 여러방법으로 핸드폰 잠금을 할수 있고 해제 할수 있습니다.요즘 나오는 폰엔 다 있는 기능이지만 제꺼에는 없던 기능이라 매우 좋고 편리하게 사용하고 있습니다. 동영상이나 게임을 장시간 돌려도 발열이 낮습니다.그래픽도 게임최적화 모드를 지원해서 발열이 낮습니다.이젠 겜 하면서도 크게 걱정 안합니다. 지프로투 발열 무지 심했었습니다. ㅠㅠ 외부스피커 무지 괜찮습니다. 소리나 크기나 널리 퍼지는 정도도 괘 맘에 듭니다. 카메라를 지원하는 기능이 대폭 개선 됐습니다.카메라가 2가지 모드를 지원하는데 기존처럼 찍는 방법과 135도 광각으로 찍는 방법을 지원합니다.확실히 보다 넓은 시야각으로 많은양을 한장에 담을수 있습니다.그외 한장에 여러 사진을 답는컷도 있고 여러가지가 있어서 찍는 재미가 있습니다. 이정도까지만 적을께요 더써보고 더 좋아진게 있나 찾아 봐야 겠네요암튼 엘지 만족합니다. 통신사는 좀 . 그랬네요 가입을 목요일에 했는데 물건은 화요일날 받아서물건이 없어서 오래 걸렸다고 하는데 미리 전화 준것도 아니고 제가 일일이 전화해서 물어보고 확인 하고 그랬습니다.그렇게 친절하다고는 할수 없었네요 배송기간도 당연 오래 걸렸구요요번에 사은품 관련해도 오늘 
0,131,예전엣사용하던폰이 기능이저하되어 이번에 스펙이 엄청좋은 G4연금가로 구매했습니다 배송받고 며칠간 사용해보니  모든기능잘되고  특히 카메라 후면1600만 전면800만화소 라 서 사진 아주잘찍혀요[G마켓 안드로이드 앱에서 작성],"스카이블루 색잘 사용할께요~~스카이블루 색상 받았는데, 예쁘네요~ 와인색을 받았으면 하는 아쉬움이 있었지만.... 갤럭시만 써오다가 이번에 엘지폰으로 넘어와봤는데 아직은 낯설지만,, 곧 적응하겠죠~^^아쉬운건~~ 투명 케이스라도 같이 있었으면....^^",가격만족도/성능/사용편의성 등 :가격만족  성능만족 사용편의송만족 상태/배송 : 상태만족 재송만족 그 외 도움이 될 만한 사용후기 : 매우만족  옥션 안드로이드 앱으로 작성
0,132,"배송이 하루지연되어서, 통화불통으로 힘들었네요.그래도, 가격이 정말좋았습니다.제조일자가 좀오래 되긴했어도, 성능에 전혀 지장이 없었습니다. ",배송 빠르고 사장님 친절하시고 폰도 마음에 듭니다 요새 나오는 5~60만원대 폰의 성능인데 싸게 잘 샀네요원하던 칼라는 아니지만 흰색도 괜찮네요,"할부를 싫어해서 현금주고 샀는데. 싸게 잘 샀네요. LG 스맛폰은 처음인데, 버튼이 뒤에 있어 좀 낮서네요 "
0,133,"배송이 하루지연되어서, 통화불통으로 힘들었네요.그래도, 가격이 정말좋았습니다.제조일자가 좀오래 되긴했어도, 성능에 전혀 지장이 없었습니다. ",배송 빠르고 사장님 친절하시고 폰도 마음에 듭니다 요새 나오는 5~60만원대 폰의 성능인데 싸게 잘 샀네요원하던 칼라는 아니지만 흰색도 괜찮네요,"할부를 싫어해서 현금주고 샀는데. 싸게 잘 샀네요. LG 스맛폰은 처음인데, 버튼이 뒤에 있어 좀 낮서네요 "
0,134,,,
0,136,"배송이 하루지연되어서, 통화불통으로 힘들었네요.그래도, 가격이 정말좋았습니다.제조일자가 좀오래 되긴했어도, 성능에 전혀 지장이 없었습니다. ",배송 빠르고 사장님 친절하시고 폰도 마음에 듭니다 요새 나오는 5~60만원대 폰의 성능인데 싸게 잘 샀네요원하던 칼라는 아니지만 흰색도 괜찮네요,"할부를 싫어해서 현금주고 샀는데. 싸게 잘 샀네요. LG 스맛폰은 처음인데, 버튼이 뒤에 있어 좀 낮서네요 "
0,137,이거는 옵티머스2x의 해외 출시 모델입니다. ,이건왜 노바디스플레이 안쓰죠??,
0,138,"매일 컴 켤때마다 최신뉴스,각종검색 통해 정보를 구하는데,아직 미니프로 국내에 신제품이 출시된다는 말은 없네요,이상하게 쿼티폰이 실제 엄청 편리하고,화면은 작아도 콤팩트한게 딱 원하는 제품인데아~ 아~ 나오긴 나오려나...",만약에 듀얼코어에다가 dmb 되고 화면이 아주 약간더 큰 3.2인치 였다면아주 대박 날꺼 같은데 하지만 난 배터리만 오래간다면 대 만족일꺼 같음,가격 좀 떨어지면 익스팬시스같은데서 사야겠어요레알 내가 원하는 스펙인뎅태블릿+이거 쓰는게 짱일듯
0,140,출시되기만을기다리고있어요 엑스페리아S 무산되서 후속작나오기만을기다렸네요 이번에는꼭출시하시길!!!!!,,
0,152,이거 싱글코어 입니다. 누가 듀얼이래요...그리고 이건 글로벌모델이라 스펙 상승 없을 겁니다...,"2.3진져 브래드탑재..1.2GHz 듀얼코어 탑재,전면카메라 500메가.이건데 당신뭔데 그따위로 막올림? 삼성이 손썼나 .기술력엔  htc에 딸린데...괴물이 나타나서 ?",아직 출시예정입니다두고두고 지켜봐야지
0,154,친절하게 하나하나 카톡으로도 답변주시고 좋았습니다.빠른배송도 마음에 듭니다.단 사은품은 하루차이로 옵니다.^^ 크게 불편하지는 않습니다.폰은 아버지가 쓰시는건데 마음에 들어 하십니다.q9 이폰 은근히 중급기종중에 가장 좋은거 같습니다.가볍고 발열도 거의 없고 대만족,기대반 설렘반으로 기다렸는데 배송후 하루만에 받았어요..기대했던거 만큼 핸드폰 좋습니다.색상도 예쁘고 아이가 얼굴인식도 된다고 신나했네요..아직 케이스랑 필름을 하지않은상태라 아끼고 또 아끼는 아이 모습 보면서 정말 좋아 하니... 저도 좋습니다.,"포장/배송 : 오전 8시경에 주문하니, 다음날 오후에 도착.색상 : 검은색. 사진 및 상품 상세설명 참조디자인 : 사진 및 상품 상세설명 참조품질 : 만족함재구매 의향 : 있음그 밖의 제품 특징 : 가성비가 아주 좋아보입니다.만족합니다.많이 파세요!"
0,155,"
스마트폰은 아주 쌔거인데, 구성품은 기대 안해야겠어요. 충전기도 고속충전 지원 안하는정품아닌 싸구려이고 케이스는 어시스트 버튼을 계속 눌러대네요.
",,
0,156,너무 저렴하게 구입했어요그리고 쓰던요금제 그대로 사용할수 있어서 좋아요화면도 크고 지문인식에.. 거기다 펜까지 ㅎㅎ아이가 너무 맘에 들어해요 ^^투명케이스도 테두리가 좀 더 튀어나와서 휴대폰을 잘 보호해줄것같고 무엇보다 방탄필름 기대이상이네요잘 쓸께요~ 감사해요~ ^^,아들폰 액정이 파손되어 아들에게 LG Q8(색상:블랙)제품 사주니 매우 좋아하네요 크기도 색상도 마음에 들어하네요.사은품도 다음날 바로 배송되어 아들폰 액정 스크래치 안나게 액정보호필름도 부착해주니 기뻐하네요~~,아이꺼 기변 해 줬는데 맘에 들어 하네요.노트에 비해 펜이 부실한게 아쉽긴 한데 가격도 착하고 가볍고 성능도 무난한것 같아요.신청서 작성해서 보내자 마자 빠른 처리로 폰도 빠르게 받았어요.사은품도 다음 날 바로 왔네요.
0,157,너무 저렴하게 구입했어요그리고 쓰던요금제 그대로 사용할수 있어서 좋아요화면도 크고 지문인식에.. 거기다 펜까지 ㅎㅎ아이가 너무 맘에 들어해요 ^^투명케이스도 테두리가 좀 더 튀어나와서 휴대폰을 잘 보호해줄것같고 무엇보다 방탄필름 기대이상이네요잘 쓸께요~ 감사해요~ ^^,아들폰 액정이 파손되어 아들에게 LG Q8(색상:블랙)제품 사주니 매우 좋아하네요 크기도 색상도 마음에 들어하네요.사은품도 다음날 바로 배송되어 아들폰 액정 스크래치 안나게 액정보호필름도 부착해주니 기뻐하네요~~,아이꺼 기변 해 줬는데 맘에 들어 하네요.노트에 비해 펜이 부실한게 아쉽긴 한데 가격도 착하고 가볍고 성능도 무난한것 같아요.신청서 작성해서 보내자 마자 빠른 처리로 폰도 빠르게 받았어요.사은품도 다음 날 바로 왔네요.
0,158,너무 저렴하게 구입했어요그리고 쓰던요금제 그대로 사용할수 있어서 좋아요화면도 크고 지문인식에.. 거기다 펜까지 ㅎㅎ아이가 너무 맘에 들어해요 ^^투명케이스도 테두리가 좀 더 튀어나와서 휴대폰을 잘 보호해줄것같고 무엇보다 방탄필름 기대이상이네요잘 쓸께요~ 감사해요~ ^^,아들폰 액정이 파손되어 아들에게 LG Q8(색상:블랙)제품 사주니 매우 좋아하네요 크기도 색상도 마음에 들어하네요.사은품도 다음날 바로 배송되어 아들폰 액정 스크래치 안나게 액정보호필름도 부착해주니 기뻐하네요~~,아이꺼 기변 해 줬는데 맘에 들어 하네요.노트에 비해 펜이 부실한게 아쉽긴 한데 가격도 착하고 가볍고 성능도 무난한것 같아요.신청서 작성해서 보내자 마자 빠른 처리로 폰도 빠르게 받았어요.사은품도 다음 날 바로 왔네요.
0,160,,,
0,161,,,
0,162,,,
0,164,"1. 유심 예전에 휴대폰을 바꿀 때 유심을 이미 재사용했는데 그러는 사이 세월이 흘러 몇 년 전부터 출시되는 휴대폰은 유심이 마이크로 유심에서 나노유심으로 바뀌었네요. 그걸 모르고 이번에도 유심 재사용을 신청했는데 끼우려고 보니 크기가 맞지 않아 근처에 있는 휴대폰 매장에 방문하여 나노유심사이즈로 잘라서 사용했습니다.2. 듀얼스크린듀얼스크린 무상지원이 2021년 3월까지 연장되어 휴대폰 본체와 함께 배송되어 받을 수 있었습니다.듀얼스크린이라 특히 좋은 점은 앱사용시 동시에 2개 이상을 사용할 때가 종종 있는데 그럴 때 창을 닫고 왔다갔다 하지 않고 동시에 두 화면을 비교해서 볼 수 있다는 것이 가장 큰 장점인 것 같습니다. 그리고 네이버웨일, 크롬, 지도 등을 검색할 때 확장모드로 변경하여 2개의 화면을 하나의 화면처럼 넓게 크게 볼 수 있다는 점도 또 하나의 장점입니다.3. 메모리이 모델은 2019년 10월 출시되었지만 RAM 8GB, 내장메모리가 256GB로 빠르고 현재 출시되는 휴대폰 모델 중 메모리면에서는 가장 높은 사양인 것 같습니다.  4. 카메라  화소가 최근에 출시되는 다른 휴대폰과 비교하여 높은 것은 아니지만 전문가처럼 카메라를 사용하는 것이 아니기 때문에 아웃포커스(주변환경을 다소 흐리게 표현하여 주 대상물에 집중하여 사진이 찍힘) 등 여러가지 기능이 있어 단순 개인소장용 사진으로 이쁘게 찍을 수 있어 좋습니다.  5. 단점 듀얼스크린이라 배터리 소모가 빠르고 다소 무거움. 하지만 본인이 원하면 듀얼스크린은 필요할 때만 장착하고 그렇지 않은 경우에는 본체만 따로 사용가능하기 때문에 일종의 선택적 단점입니다.",재고가 없다고 하셔서 오래 기다렸다 받았습니다.흠...일단 몇가지만 말한다면 2019년 10월 제조 휴대폰입니다.그러다 보니 완전히 방전되서 충전부터 해야했죠.그리고 가장 큰 문제는 기존에는 잘 사용하던 sd카드 규격이 미묘하게 맞지 않아요. 유심은 쏙 들어가는데 sd카드는 어떻게 해도 들어가지가 않네요ㅜㅜ트레이가 불량인지 요새 나오는 sd카드의 사이즈가 미묘하게 달라진건지...일단 다른 sd카드를 주문했으니 받아서 끼어봐야겠어요. 저장 공간이 256이나 되니 당장은 필요할것 같지는 않지만 그래도 sd카드를 껴놔야 맘놓고 사용 할 것 같아요.그 외에는 일단 큰 문제는 없어 보이네요.,"LG V30S를 2년 넘게 사용하고 있다가 기변을 할까말까 하던 와중에 LG V50S를 좋은 조건에 구매하게 되었습니다 어제 전화로 상담해주시고   발송해주셔서 오늘 바로 받았네요듀얼 디스플레이까지 지원되니 좋아요 5G폰은 고가 요금제가 필수인 경우가 많은데 이번에 구매할때 제한이 없어서 좋았어요여기 판매자분께 스마트폰 세개째 구입중입니다 딸은 LG G8, 아들은 작년 11월에 갤럭시 A31로 이번에 LG V50S까지 매번 저렴한 요금제로 특별한 조건없이 구입할수 있어서 좋았습니다앞으로 올연말쯤 약정 끝나는 가족 있는데 또 구입할 계획입니다 앞으로도 계속 이용하게 될것 같네요~~"
0,165,"1. 유심 예전에 휴대폰을 바꿀 때 유심을 이미 재사용했는데 그러는 사이 세월이 흘러 몇 년 전부터 출시되는 휴대폰은 유심이 마이크로 유심에서 나노유심으로 바뀌었네요. 그걸 모르고 이번에도 유심 재사용을 신청했는데 끼우려고 보니 크기가 맞지 않아 근처에 있는 휴대폰 매장에 방문하여 나노유심사이즈로 잘라서 사용했습니다.2. 듀얼스크린듀얼스크린 무상지원이 2021년 3월까지 연장되어 휴대폰 본체와 함께 배송되어 받을 수 있었습니다.듀얼스크린이라 특히 좋은 점은 앱사용시 동시에 2개 이상을 사용할 때가 종종 있는데 그럴 때 창을 닫고 왔다갔다 하지 않고 동시에 두 화면을 비교해서 볼 수 있다는 것이 가장 큰 장점인 것 같습니다. 그리고 네이버웨일, 크롬, 지도 등을 검색할 때 확장모드로 변경하여 2개의 화면을 하나의 화면처럼 넓게 크게 볼 수 있다는 점도 또 하나의 장점입니다.3. 메모리이 모델은 2019년 10월 출시되었지만 RAM 8GB, 내장메모리가 256GB로 빠르고 현재 출시되는 휴대폰 모델 중 메모리면에서는 가장 높은 사양인 것 같습니다.  4. 카메라  화소가 최근에 출시되는 다른 휴대폰과 비교하여 높은 것은 아니지만 전문가처럼 카메라를 사용하는 것이 아니기 때문에 아웃포커스(주변환경을 다소 흐리게 표현하여 주 대상물에 집중하여 사진이 찍힘) 등 여러가지 기능이 있어 단순 개인소장용 사진으로 이쁘게 찍을 수 있어 좋습니다.  5. 단점 듀얼스크린이라 배터리 소모가 빠르고 다소 무거움. 하지만 본인이 원하면 듀얼스크린은 필요할 때만 장착하고 그렇지 않은 경우에는 본체만 따로 사용가능하기 때문에 일종의 선택적 단점입니다.",재고가 없다고 하셔서 오래 기다렸다 받았습니다.흠...일단 몇가지만 말한다면 2019년 10월 제조 휴대폰입니다.그러다 보니 완전히 방전되서 충전부터 해야했죠.그리고 가장 큰 문제는 기존에는 잘 사용하던 sd카드 규격이 미묘하게 맞지 않아요. 유심은 쏙 들어가는데 sd카드는 어떻게 해도 들어가지가 않네요ㅜㅜ트레이가 불량인지 요새 나오는 sd카드의 사이즈가 미묘하게 달라진건지...일단 다른 sd카드를 주문했으니 받아서 끼어봐야겠어요. 저장 공간이 256이나 되니 당장은 필요할것 같지는 않지만 그래도 sd카드를 껴놔야 맘놓고 사용 할 것 같아요.그 외에는 일단 큰 문제는 없어 보이네요.,"LG V30S를 2년 넘게 사용하고 있다가 기변을 할까말까 하던 와중에 LG V50S를 좋은 조건에 구매하게 되었습니다 어제 전화로 상담해주시고   발송해주셔서 오늘 바로 받았네요듀얼 디스플레이까지 지원되니 좋아요 5G폰은 고가 요금제가 필수인 경우가 많은데 이번에 구매할때 제한이 없어서 좋았어요여기 판매자분께 스마트폰 세개째 구입중입니다 딸은 LG G8, 아들은 작년 11월에 갤럭시 A31로 이번에 LG V50S까지 매번 저렴한 요금제로 특별한 조건없이 구입할수 있어서 좋았습니다앞으로 올연말쯤 약정 끝나는 가족 있는데 또 구입할 계획입니다 앞으로도 계속 이용하게 될것 같네요~~"
0,166,다른 곳들이랑 비교해봤을 때 할부원금도 더 저렴하고 구매시 완납이라 이자도 따로 안나가서 편해요. 요금제도 다른 곳들은 더 비싼거 해야만 지원금 최대로 받는데 돈 더 내고 딱히 필요하지 않은 사은품 왕창 받는 것보다 사은품 안받고 가격 깎는 게 더 좋아서 여기서 했어요. 대신 진짜로 케이스나 액정필름 하나 붙어오는 거 없으니까 폰 흠집나는거 걱정되시는 분들은 케이스랑 필름 미리 준비하시는 게. 저는 미리 준비해서 처음부터 직접 고른 케이스랑 튼튼한 필름 붙여 쓰니까 더 좋네요. 케바케인진 모르겠는데 전 메일이 주문 넣은 다음 날 오전에 왔더라구요. 메일로 받은 신청서 작성하고 그 날 오후에 해피콜 받고 바로 다음날 폰 받았어요. 해피콜 친절하고 간결해서 좋았습니다. 배송 빠른 것도 좋고 원하는 색상이 그레이였는데 다행히 재고가 있어서 잘 받았어요.,재고가 2018년 8월이네요... 작년에 산 g7 이 2018년 9월인데  말이죠^^ 덕분에 밧데리 일찍 닳고 소프트웨어 업데이트 하다가 꼬여서 서비스센터가서 3일은 고생했습니다  소프트웨어 업데이트 도중 오레오에서 렉먹어서 한참 걸렸네요 찝찝하신 분 통신사 가서 직접 개통이 좋을 듯 합니다^^,진짜 할부원금 0원 맞네요6개월 후에 요금제 바꾸면 되구요상담하시는 분들 친절하시고 배송도 빨라요폰 기능도 좋고 가볍고 화면 크고요여러모로 마음에 듭니다
0,167,디스플레이는 갤럭시보다 좋습니다배송에 문제가 있어 하루 늦게 받아 전화기 마비되었는건 빼고 좋은거 같습니다사은품 빨리보내주세요,"LG V20 을 2년 5개월 사용하고 어쩌다가 이번에 V35 로 기기변경을 하게 되었습니다.V40 의 노치 디자인과, V50 이 맘에 안들어서, 어쩔 수 없는 선택이었지요.얼마 전에 요금제에 따라 할부원금이 10만원 미만이었다는 이야기도 있던데, 기기변경이라 현금 완납 조건으로 가장 좋은 조건에 구입하고자 했습니다.한 3~4일 사용해본 결과,1. 매우 가볍습니다 - 손으로 들때마다 느껴집니다 - V20 의 2/3 정도 느낌2. 상당히 빠르고 가볍게 구동되네요 - 인터넷/앱구동 등등 깜짝 놀랄 정도로 매우 빠릅니다.   버스 앱 / 유튜브 / 웹서핑 / ... 상당히 빨라졌음이 느껴졌습니다. 너무 빠른 것 아닌가 싶을 정도.3. 배터리가 매우 오래갑니다 - 화면 켜짐 6시간 포함해서 30시간 정도는 버텨주는 것 같네요.   완전방전~완전충전까지는 약 1시간 40분~2시간 정도 걸리는 듯 합니다.4. 라디오 수신 기능 - WiFi 라디오가 아닌 진짜 라디오 전파 수신됩니다.   라디오 음질 너무 좋습니다.5. Quad-DAC 음질은 V20 과 다른 듯 - V20 은 맛깔나는 음악을 들려준다면, V35는 좀 평범한 듯 약간 수수한 듯, 하지만 해상도 높은 음악을 들려줍니다 같은 음원, 같은 이어폰으로 들었을 때, V20 이 살짝 더 박력이 있다고 해야 할지 다이나믹한 듯 들리네요. 해상도는 V35가 조금 더 나은 듯도 합니다만..6. OLED 화면 좋네요 - 누가 그랬는지는 모르지만 모래알이 자글거린다는 이상한 이야기를 하는 사람들이 있던데, 힐링쉴드 올레포빅 액정보호 필름 착용하고 사용중에, 액정 전혀 이상 없습니다. 아주 균일합니다. OLED 색감도 괜찮네요. 본인이 R/G/B 를 조정할 수 있구요.7. 4G LTE 데이터 통신 속도가 V20 대비 약 2배 정도까지 빨라진 듯 합니다 - 오늘 테스트해봤는데, 같은 상황에 V20 은 다운로드 90~100 MB/sec. V35는 180~200 MB/sec. 나오네요.8. 진동이 고급스럽습니다 - V20 같이 투박하고 많이 흔들리는 방식과 조금 다르네요.9. 카메라도 V20 보다 좀더 좋은 것 같습니다 - 약간 저조도에서 촬영해도 상당히 깨끗하게 잘 찍히네요. 실사용시에 전혀 문제되지 않을 것 같습니다. 전문가 모드 촬영도 좋구요.10. 스피커 음질은 저음이 조금 깎인 상태인 듯 - 큰 불만은 없네요. V20 소리가 조금 더 크고 시원한 듯.11. 발열 - 전혀 못 느꼈습니다.가볍고, 빠르고, 배터리 오래가고 소리 좋고, 라디오, TV 만족합니다.",해피콜이랑 문의전화도 친절하게 잘 대해주셨고 좋은 가격에 잘 구매한 것 같습니다. 성능도 매우 만족해요 앞으로는 여기에서 가족들 폰 마련해야겠어요
0,169,저렴하긴 하나 인터넷으로 폰 구매하기가  찝찝하여 망설이다 구매하였습니다 그런데 설명도 친절하게 잘 해 주시고 물건도 빠르게 배송 개통도 빠르게 진행되었습니다 아쉬운건 운이 없는지 v30액정이 많이 노랗네요 집에 다른v30이 있어서 비교를 해봤는데도 노랗습니다.. 이 부분은 판매자분이 일부러 그러신 것도 아니고 v30 종특과 뽑기운 인지라 원망은 없습니다 다만 다른 분들이 기종 고르실 때 유의하시면 좋겠네요 발품팔아 돌아다니면 v30단종되었다는 소리 많이 들으실텐데 색상 선택을 포기하신다면 여기서 구입하는 것 추천드립니다 배송빠르고 설명 친절히 다 해 주십니다,이쁩니다. 배터리도 짱짱하구요~ v20 쓰다 넘어왔는데 좋네요,배송 속도며 포장 상태도 너무 좋네요 저렴한 가격에 사서 사은품은 따로 오지 않았지만 너무 만족스럽습니다!!
0,170,"배송 및 개통 빠름니다..베가를 쓰다가 V20으로 바꿔서 아직 익숙치가 않아서 불편하긴하지만,화질선명하고, 음량 좋습니다.. 통화나 음악 등 노이즈 없이 상당히 깨끗합니다..카메라는 전문가 모드가 있어서 좋고 화질도 좋습니다..배터리는 교체형인데.. 1개 밖에 안들어 있네요..",사촌동생에게 간거라 실물은 못봤지만 좋아하네요 핑크색상이 없어서 기다리겠다고 했었습니다. 기약없는 기다림에 지쳤는지 동생이 다른색으로  주문해달 라고해서 실버로 보내달라고 했는데  그 다음날 핑크들어올꺼라고 친절하게 전화까지 해주셨네요. 감사합니다.,핸드폰 만족해요 세컨드스크린이 참 유용하네용
0,171,,,
0,172,할부원금없이 공짜폰으로 싸게 잘샀어요. 배터리 용량이 젤 큰거라서 좋네요. 마니 파세요.,"
감사합니다 잘 쓸게요 그런데 색상이 조금 이상하네요 블루로 보내주신다고 했는데, 블루라기보다는 진한보라색같은 느낌이? 뭐 별로 상관은 없지만 ^^ 담에 또 폰 바꿀때 되면 다시 주문할께요 번창하세요 ^^
","
그냥 새제품이네요^^; 가격대비 메리트 충분히 있네요. 기본적으로 갖출건 다 갖추고 있는 폰이라 보시면 됩니다. 
특히 배터리 오래가는거 찾으시는 분들 강추 ㅋ
"
0,173,스마트폰 서브폰이  추석전에 급해 중고폰은 짜집기폰이 많아 고장이 많다해 자급제폰중 인기많은거 샀는데  무게나 32기가 용량이 적당해 샀는데 64기가짜리가 좀 가벼운거 있음 샀을텐데 아쉬워요2019폰이라 샀는데 다른 사이트서 찾아보니 2017년제품도 설명이 비슷해 좀  속은듯 했지만 삼주정도 써본결과 학생들폰으로는 쓸만할듯 하고효도폰으로 쓰기에는 캡처기능같은거는 삼성폰만 쓰다보니 어려워 비추네요사십후반인데 글씨크기도 작아 키웠어요,약정기간 끝나고  요금 할인 받으면서...통신사 변경이 가능했으나...현재 요금제로 만족하는 상황이라...자급제폰으로 교체를 했습니다...게임은 안하고...  일상 사진촬영 및 주요 SNS 앱에금융앱 몇개 설치하는데 전혀 무리가 없네요..불필요한 통신사 기본앱이 안깔려있어 메모리도 여유가 있답니다... ^^단지 LCD 액정이라..  IPS 보다 상대적으로 덜 밝은것이 단점이라 할수 있겠지만..가격이 저렴한 제품이니  단점이라 하면 안되겠죠~ ^^;무엇보다 튼튼한 제품이라 해서 더욱더 마음에 듭니다..(자전거 타거나 기타 등등..  간혹 떨어질때 파손이 걱정되는데 튼튼하기도 하거니와  가격이 낮으니 부담이 없어요...),전에 사용하던 폰은 샤오미 홍미노트5 였음. 액정이 나가서 급하게 구매하며 뭐 2년 전 중국 제품도 아무 문제 없이 사용해서 그래도 lg가 낫겠지 하고 망설이지 않고 구매. 하...내가 lg에 대한 기대가 너무 컸나봄. 일단 wifi를 못잡음. 공유기와 같은 공간에 있는데 왜 영상은 끊기고 페이지 전환 겁나 느림. 그리고 데이터로 전환됨. 써보려고 용쓰다 승질나서 집에서는 액정나간 홍미 테이프로 칭칭 감아서 사용중임. 이거 lg 관계자 아니면 권하지 않겠음. 관계자면 니들이 만든거 니들이라도 쓰라고 하겠음. 안쓰면 반칙임. 난 전자제품 스펙 연식 이런거 하나도 모름. 그냥 무지한 소비자임. 그냥 순수하게 돈 쓸데없이 써서 분노한 소비자임. 아...내 돈. 스마트폰 인터넷 안쓸거면 내가2g폰 사지 이걸 왜 삼? 아...짜증나.
0,175,"부모님이 쓰실만한 자급제폰을 찾고 있었는데 코스트코에서 본 모델이라 골랐어요. 부모님이 고사양 폰을 쓰실 필요까진 없어도 카톡방에서 사진이나 동영상 공유가 잦다보니 용량이 커야 되겠더라구요. 이건 64기가서 좋습니다. 주문하고 바로 다음 날 수령했구요, 액정필름이랑 투명실리콘케이스, 아이링도 함께 주셔서 따로 더 구입할 필요가 없네요. 개봉만 되어있다 뿐이지 다른 불편한 점은 하나도 없었습니다. 쓰던 폰에서 유심 빼고 바로 새 폰으로 자료 옮겨드렸어요. 부모님도 화면이 커졌다고 좋아하십니다.","삼성 보급용 j7을 3년째 사용하다보니 뭔가 자꾸 에러가 있음을 느껴 교체.lcd라 화질면에서 떨어지는 것은 그리 중요하진 않다고 생각하는데, 반응이 이전 폰보다 좀 느린것 같음. 개인적으로 느낌이 이전 폰보다 빠릿하지 않음.카메라는 비교 우위인것 같은데... 전문가가 아니라... 급속 충전이 없어 아쉽고, 지문 인식... 이것도 이전 폰보다 빠릿하지 못해 인식 에러가 자주뜸.개인적인 느낌으로는 디자인면에서 우위.살살 쓰다가 플립으로 갈까...","잘 써오던 폰이 갑자기 뻑 가서 새폰 알아보던 중 자급제 폰이란걸 알게되 구매. 새폰이라 이전폰과 내용물과 배열. 기타 등등 다른 부분이 많아 아직 좀 어색한 것도 많지만 이전 폰이 g5 였는데 자꾸 비교하게 되네요. 메인을 교체해야 되는데 차라리 새폰으로 바꾸라는 수리기사님 말 듣고 고민하다 lg자체 매장보다 많이 저렴한 가격과 반응 좋은 후기에 혹 해서 구매. 제품이 나쁘다는건 아니지만 이전폰보다 낮은 메모리가 이렇게까지 크게 느껴질지 몰랐음. 인터넷, 게임 등 앱 연결 사용 시 반응속도가 좀 느림. 배터리 용량은 이전폰보다 큰데 더 빨리 닳는 느낌.여기저기서 g5가 망작이라지만 2년넘게 써본 나로서는 정말 좋은 편이라고 생각함. 이 폰도 뻑갈때까지 열심히 써볼꺼임."
0,176,스마트폰 서브폰이  추석전에 급해 중고폰은 짜집기폰이 많아 고장이 많다해 자급제폰중 인기많은거 샀는데  무게나 32기가 용량이 적당해 샀는데 64기가짜리가 좀 가벼운거 있음 샀을텐데 아쉬워요2019폰이라 샀는데 다른 사이트서 찾아보니 2017년제품도 설명이 비슷해 좀  속은듯 했지만 삼주정도 써본결과 학생들폰으로는 쓸만할듯 하고효도폰으로 쓰기에는 캡처기능같은거는 삼성폰만 쓰다보니 어려워 비추네요사십후반인데 글씨크기도 작아 키웠어요,약정기간 끝나고  요금 할인 받으면서...통신사 변경이 가능했으나...현재 요금제로 만족하는 상황이라...자급제폰으로 교체를 했습니다...게임은 안하고...  일상 사진촬영 및 주요 SNS 앱에금융앱 몇개 설치하는데 전혀 무리가 없네요..불필요한 통신사 기본앱이 안깔려있어 메모리도 여유가 있답니다... ^^단지 LCD 액정이라..  IPS 보다 상대적으로 덜 밝은것이 단점이라 할수 있겠지만..가격이 저렴한 제품이니  단점이라 하면 안되겠죠~ ^^;무엇보다 튼튼한 제품이라 해서 더욱더 마음에 듭니다..(자전거 타거나 기타 등등..  간혹 떨어질때 파손이 걱정되는데 튼튼하기도 하거니와  가격이 낮으니 부담이 없어요...),전에 사용하던 폰은 샤오미 홍미노트5 였음. 액정이 나가서 급하게 구매하며 뭐 2년 전 중국 제품도 아무 문제 없이 사용해서 그래도 lg가 낫겠지 하고 망설이지 않고 구매. 하...내가 lg에 대한 기대가 너무 컸나봄. 일단 wifi를 못잡음. 공유기와 같은 공간에 있는데 왜 영상은 끊기고 페이지 전환 겁나 느림. 그리고 데이터로 전환됨. 써보려고 용쓰다 승질나서 집에서는 액정나간 홍미 테이프로 칭칭 감아서 사용중임. 이거 lg 관계자 아니면 권하지 않겠음. 관계자면 니들이 만든거 니들이라도 쓰라고 하겠음. 안쓰면 반칙임. 난 전자제품 스펙 연식 이런거 하나도 모름. 그냥 무지한 소비자임. 그냥 순수하게 돈 쓸데없이 써서 분노한 소비자임. 아...내 돈. 스마트폰 인터넷 안쓸거면 내가2g폰 사지 이걸 왜 삼? 아...짜증나.
0,182,"
성능은 저가사양이지만 LG것 은근히 괜찮아요. 하지만 CJ대한통운 택배는 결제한지 6일정도 걸려요
",,
0,184,할부원금없이 공짜폰으로 싸게 잘샀어요. 배터리 용량이 젤 큰거라서 좋네요. 마니 파세요.,"
다행이 제가 원하는 색상인 화이트 로 왔네여~^^ 
 상태도 좋고 거의 새것이나 마찬가지네여
","
감사합니다 잘 쓸게요 그런데 색상이 조금 이상하네요 블루로 보내주신다고 했는데, 블루라기보다는 진한보라색같은 느낌이? 뭐 별로 상관은 없지만 ^^ 담에 또 폰 바꿀때 되면 다시 주문할께요 번창하세요 ^^
"
0,187,괜찮은듯 워낙 통화량이 적어서 저렴한거 구매했는데 좋네요 캠이 화소가 높아요 가볍고 좋아요사은품도 많고  ,,
0,188, 기본 구성 사진입니다. 추가 사은품은 따로 보내주신다고 하셨구여~ 다른곳 보다 기본사은품 구성도 좋아서 여기서 구매하게 되었습니다.겔럭시 쓰다 바꿨는데.. 속도도 빠르고 디자인도 너무 마음에 듭니다.넥서스 5x 강추에요! ,,
0,191,색상이랑사은품폰케이스까지챙겨주셨어넘고맙고핸폰의빠른배송과친철한상담까지모두만족합니다,,
0,192,색상이랑사은품폰케이스까지챙겨주셨어넘고맙고핸폰의빠른배송과친철한상담까지모두만족합니다,,
0,193,"
B급사려다가 만원 더 주고 A급을 샀어요~ 어머님 핸드폰이 갑자기 계속 꺼지길래 급하게 똑같은기종으로 구매하느라 11번가에서 부랴부랴 찾아서 구입했는데 빨리보내주셔서 감사합니다~~ 
포장도 잘 해주셨고~ 설명도 자세하게 써주시고해서 인터넷으로 중고 사기 좀 찜찜했던건 사실인데 받고나서 안심했습니다~ 
생각했던것보다 뒷면에 스크래치가 좀 있었지만~ 어머님이 쓰시던 배터리커버로 바꾸니까 괜찮더라구요~ 
통신사 다른데도 두번정도 껏다가 켜니까 바로 되더라구요~ 
잘 쓰겠습니다~ 수고하세요~~~
","
일단 가개통 단순개봉 제품중에 가끔 사용감 있는 것들도 있다고 하는데, 이 제품은 개봉만 되어있지 풀박스 새제품이고, 사장님께서 요청드린데로 KT걸로 구해주셔서 감사드림. KT것이지만 유심을 알뜰폰 통신사 유심을 넣어서 통화료 저렴하게 잘 사용하고 있음. 
 
통신규격 : 4G, 충전은 별도의 충전거치대 없이 폰 측면 5핀으로 충전, 배터리 1개, 이어폰 제공. 
 
장점은 3.5파이 AUX 연결, 통화녹음과 음성녹음 가능, 스피커 통화 가능, 후속작인 Y120보다 카메라 화소수가 500만 화소로 높고, 무게 가볍고 한 손에 쏙 들어옴. 
 
단점은 핫스팟은 안됨. 
 
통화음질 확 좋아지게 하는 꿀팁 : 설정 - 6.통화 - #.고급설정 - 1. HD 보이스 - 1. HD 보이스 사용에 들어가서 ""사용""으로 설정하면 통화음질이 완전 좋아짐.
","
제가 딱 원하던 제품이에요 
스마트 기능 안되는 폴더폰 중 카메라도 괜찮고 화면도 큼직큼직하고요 
유일한 네트워크 기능은 인터넷인데 
네트워크 접속하려면 설정한 비밀번호 넣어야해서 아이가 쓰기 좋은것 같아요. 
피쳐폰 아니고 안드로이드 폰인데 기능을 다 막아놔서 피쳐폰처럼 쓸 수 있어서 좋은것 같아요. 
공부하는 학생들에게 강추해요.
"
0,194,,,
0,195,대대적인 폭설이었지만 우리 우체국 택배는 눈길을 헤치고  정확히 배송을 해주었습니다.  소중한 우체국 택배박스 를 개봉하니 찬란한 자태의 갤럭시 포~~~~올~~~드 자급제 패키가  있었습니다. 2020년 6월에 생산되셨구요~ 조심하여 개봉해보니 정말 깔끔하게 포장이 되어있었습니다.  그런데 보호필름이 없더라구요 어쩔수 없이 부랴부랴 빅쏘 보호필름을 쿠팡으로 주문하여 오늘 받았습니다. 오늘 영하 18도 필름이 너무너무 차가와서  난로를 쫌 쬐여주고 미지근 하게 만든후 빅쏘 홈피에 부착 동영상을 한 10번 돌려보고 맘속으로 완전히  마스터 한후 부착하여 갤럭시 폴드를 완성시킬수 있었습니다. 기존에 핸드폰에 스마트스위치를 접속하여 정보를 손 쉽게 옮길수 있었습니다. 화면이 커서 부모님께서 쓰시기 편하실것 같아서 구매했습니다. 제가 아이폰만쓰는데 처음으로 갤럭시로 갈까 하는 고민을 하게 합니다. 좀 무서운거 빼고는 좋습니다.,"화면 크기가 맘에 듭니다. 무게가 좀 나가서 다른사람들이 뭐라고 하는데 생각보다 휴대하기 버겁지 않습니다. 접었을때 두께감이 있고 화면이 손상되지 않을까 걱정이 좀 되지만 제품은 만족합니다. 다만, 아직 안드로이드10 업그레이드가 안됬네요 좀 의외입니다.",폴드를 사용하면서 한가지 아쉬운점은 기본 구성품으로 들어오는 케이스입니다. 얇아서 좋았는데 문제는 씌웠을때 카메라 모듈보다 더 낮아서 잘못 떨어지면 카메라가 망가져요. 저는 한번 떨기고 다행히 기기는 괜찮았는데 케이스의 끝부분이 사진처럼 깨지더군요. 그래서 폴드를 사실분들은 좀더 두꺼운 케이스도 하나 장만하세요. 이것 빼고는 정말 잘 쓰고있습니다. 사길 정말 잘했다라는 생각이고 앞으로 폴드시리즈 나오면 일반 핸드폰으로는 못갈거같군요ㅎ
0,197,이 두가지가 최대 강점이지 않을까 싶습니다. 그리고 셀카 찍을때 카메라 슬라이드 틸팅 간지!,"
배송이 약간 느리지만 포장도 너무 잘 되어 있고 무게도 가볍네요
",
0,198,상태 매우 좋습니다.뭐 진짜 자급제 말 그대로.다만 지플립이 20연5월 이후 제품부터 액정필름이 장착되서 나오는데 배송된건 4월 제품이라... 쌩디스플레이라는거가 아쉽습니다.아마도 재고때문이 아닌가 싶기도 하고.많이파세요.,쓰던폰액정이 박살나서 산거라 배송이 빨리 왔음했는데 진짜 빨리도착해서 좋습니다 시키고 이틀만에 바로 왔어요폰상태도 깨끗하고 테두리스티커도 그대로 붙어 있는게 완전 새제품이에요갖고싶어서 산 플립이지만 예쁜거에 비해 배터리광탈이 빠르고 성능이 뛰어나다 할 순 없어 성능은 별3개만 드립니다그래도 전 만족합니다？？？？？？,배송이 예상보다 빨라서 좋았어요아님 주말 지나서 오는 거였는데토요일에 바로 사용 가능했구요다들 아시다시피지문인식이라 좀 지저분 하지만그래도 너무 예쁘고 난리네요거의 8년을 아이폰만 쓰고맥 생태계 가진 사람인데에어드랍이나 아이클라우드 못쓰는거 빼고는너무 만족합니다아이폰 접힐때까지 갤럭시로 쭈욱 갈거같아요 이제 혁신은 삼성이네요 ㅋㅋㅋ
0,199,"부모님 폰으로 구입했습니다. S21 발매를 기다릴까 하다가 그냥 구입했는데, 이번에 S21사전발매가 워낙 조건이 좋게 나와서 솔직히 좀 후회되더라고요. 사은품 등을 고려하면 가격 차이가 생각 보다 크지는 않기 때문에 기왕이면 최신폰으로 사는게 나을 수도 있습니다.겉보기 스펙에 비해 원가 절감을 위해 희생된 부분들이 꽤 있습니다.플래그쉽 같지만 플래그쉽이 아닌 그 무언가...하지만 그런 면을 차치하더라도 부모님이 쓰시기에는 뭐 차고도 넘치는 스펙이구요.실제로 아주 만족하시며 사용중 이십니다.특히 120hz의 디스플레이는 기계를 잘 모르시는 부모님조차 뭔가 부드럽고 잘 움직인다고 느끼시더군요.체감효과 짱입니다.21S만 아니었으면 별5개 줬을텐데 ^^;","장인어른 휴대폰이 갤럭시 A3 였었는데... 너무 느려지셔서 이번 기회에 s20fe로 바꿔드리려고 생각하고 찾던 중에 다행히 좋은 상품을 저렴하게 구하게 되었네요.. 장인어른도 무척 좋아하시고 마음에 드시네요.다만 사은품이 없는 것이 좀 아쉬웠지만 성능, 작동상태, 외형 등 이상 없이 작동되어 마음이 놓입니다. 많이 파세요!!","최신 휴대폰을 아버지 효도선물로 구매하였습니다. 배송이 택배업체가 아니어서 받을 때에 적잖히 당황했지만 받는데에는 큰 문제는 없었습니다. 단지 배송이 2일씩이나 걸리고 배송 진행을 알 수 없는건 아쉽네요.제품은 나름 마음에 듭니다. 스냅드래고 865를 탑재되어 속도는 빠르지만 램이 6GB는 좀 아쉽네요. 제품에 액정필름이 부착되어 있어서 필름 값은 절약할 수 있습니다. AKG이어폰이라지만 이어팁이 굴비 묶듯이 꼽혀있는 것도 그렇고, 충전기도 25W가 아닌 15W제품이 동봉된건 아쉽네요. 그래도 본체가 가격 대비해서 나름 괜찮은 선택이 아닐까 싶습니다."
0,200,너무이뻐요~ 전용색상으로 살맛 나네요 ㅎㅎㅎ개통도 일사천리고 배송도 바로 그날 발송해주셨어요가격도 저렴한데 사은품도 주시고 너무 만족합니다잘쓸게요~!,"성지에서 공시+보조금 받는게 더 이득일 수 있습니다. 하지만 그렇게 하려면 무조건 5G 요금제를 써야만 합니다. 아직 우리나라에 5G망이 제대로 구축되지 않았는데 비싼 5G 요금제를 쓰기엔 좀 그래서 자급제폰 사서 LTE요금제 유지하며 알뜰폰 또는 선약25% 받는게 좋겠다는 생각을 했습니다. 데이터 사용량이 많지 않은 분, 불필요한 통신사앱, 추노마크 등이 싫으신 분 등에게 추천드립니다.","재입고 문의시 친절히 답해주셨고, 폰을 택배로 보낸다는게 사실 조금 걱정스러운마음이 없진않았지만, 믿고 구매했는데 받아보니 완전 꼼꼼한 포장과 아주아주 깨끗한 제품에 정말 구매하길 잘 했다 싶었네요!! 중고폰은 써봤어도 자급제폰 처음인데 너무 만족합니다. 폰 바꿀일 있으면 또 여기서하고싶어요. 그리고 그레이색 아주 차분하고 세련된게 너무 이쁘네요ㅎㅎ 선물해줬는데 받으신 분이 폰은 더 좋아졌는데 요금제도 원래거 쓸 수 있다며 아주 만족하고 있습니다. 좋은제품 감사합니다!!"
0,210,"막상 자급제폰을 사려니 거의 정가를 다줘야 하고 조금 저렴하면 미개통, 미사용 등 나름대로 다소 하자가 있는 것 같아 구매에 망설여 졌다.  당초부터 울트라 모델에 꽂혀 S21과 S20과 비교하다 가격 차이가 제법 나 한시적 상품전시 미개통 자급제용 폰으로 나온거면 괜찮을것 같아 선택했다. 제품 받아보니 오리지널 자급제폰 라벨 붙은 채로 꺼내보니 딱이 흠 잡을 때 없이 깨끗하고, S21울트라 모델에 비해 스펙도 별 차이 없어 만족하게 잘 쓰고 있네요. 따로 서비스 품목이 달려오진 않은게 아쉽지만...",신랑이랑 같이 구입했어요. 주문배송 빨랐구요상품도 꼼꼼하게 잘 포장되서 왔어요.블랙색상구입했는데 예쁘고 좋네요.전 기기에 대해서는 잘 모르지만 사이즈도 좋고 카메라가 튀어나와있어서 그건조심해야겟어요무게도 적당하고 충전도 잘 되고 하자없이 잘 되는것같아요 만족합니다.,카메라 부분은 성능좋고 아주 최곱니다!단!크기는. 너무크고 무갑습니다!그것만빼면 딱 좋습니다! 배송은 하루만에 와서 깜짝 놀랐습니다!사은품 번호도 바로오네요!단지 파손위험있게. 배송된게 깜짝놀랬습니다!그래도 백오십만원이 훌쩍넘는 물건인데 말이죠!
0,211,기존v30. 2년넘게 쓰다가 배터리 이상으로 갈아탔어요. 화면은 좀 길어지고 얇아져서 많은 글읽을때 더유용해요. 요즘 점점 저렴해지는 추세지만 그래도 여기가 더 많이 저렴합니다.,"쓰던 요금제를 바꾸고 싶지 않아서 자급제폰에 관심을 갖게 되었죠엘지폰 잘쓰고 있었기에 이번에 바꿀때도 엘지폰으로!벨벳 디자인 이뻐요 배송 하루만에 왔어요! 빨라요~~일루전선셋과 화이트 고민하다가 선셋구입! 오오!! 예뻐요!!개인적으로 투명케이스만 사용하는 저로서는 탁월한 선택이네요!손이 작은 탓에 너무 길면 어쩌나 했는데 다행이 손에 딱 들어오고 화면이 크니 아주 좋습니다! 발열도 별로 없고 아주 맘에 듭니다!다만, 액정 보호필름이 붙여서 나오거나 구성품에 들어있는 센스가 더있었다면 더 좋았을거같고 출고가가 조금만 더 싸게 시작했었으면 정말 더 많이 팔렸겠구나 라는 생각이 드는 폰입니다! 보호필름 미리 준비하시고 구매하세요~~ 구성품에 없으니까요~~아참! 구입후 9월30일까지 엘지스마트월드 들어가시면 케이스 3종 중 1가지 선택해서 신청하시면 케이스 받으실수 있어요. 사은품케이스 엘지에서 배송도 빨라요! 참고하세요~예쁜 자급제폰 고민중이시라면 추천하고 싶습니다!!예뻐요~~","쭈욱 엘지폰만 사용해서 이번에도 엘지 벨벳으로~^^공식인증점이라 믿고 구매!불량 받아서 교환 했다는 분도 계셔서 살짝 걱정했는데다행히 이상무!!휴대폰 사이즈가 슬림하면서 길어 이전 사용한 V30보다손에 무리가 덜 해요.크기도 다르지만, 사용법도 이전 V30과 달라아직도 헤매고 있는...자급제폰이라 요금 부담없고, 기존에 사용하던 폰에서  바로 유심만 넣어 사용하니 편하네요.나이가 들수록 새 전자제품에 적응하기 힘든...사용법 숙지 잘 해서 편하고, 유용하게 잘 써보려 합니다^^가격만족~ 더 사용 해 봐야 알겠지만, 1일 사용한 바로는기기도 괜찮고, 빠른 배송까지 전반적으로 만족하는LG벨벳~!?"
0,212,"가성비 폰으로 알려진 LG Q51 저렴하게 구입했네요... 사은품으로 마이크로 SD카드를 준다고 해서 2개나 샀는데... 받지 못했네요.   다시 검색해보니...  선착순 제공, 조기품절로 제공되지 않을 수 있다는 문구가...  '이~런~, 낚인 기분'  구입하실 분들은 참조하시고 제품 설명 꼼꼼히 읽어 보고 구입하세요^^",배송도 주말제외 거의 1~2일만에 왔고제품도 완전 새거에 화면도 크고 깨끗하고 너무 좋네요!케이스랑 액필만 붙이면 될 것 같아요유심도 그대로 외장도 그대로 하면 되니까 진짜 편해요^^좋은 제품 감사합니다~ 건강조심하시고 많이 파세요^^,화면도 깨끗하고 아쥬 좋습니다
0,223,선택약정 중인 유심 그대로 사용하려고 자급제로 구매했어요. 플래그십 성능까지는 필요없는데 막상 적당히 괜찮은 폰을 찾으려니 쉽지 않더라구요. 갤럭시S20FE랑 노트20이랑 세개를 마지막까지 비교했는데 FE는 터치불량 문제도 있고 디스플레이가 구형이라 주사율은 높게 나오지만 색감이나 번인이 신경쓰였고 노트20은 이번에 노트20울트라랑 너무 급차이를 두고 나왔다고해서 가성비가 아쉬웠어요. 윙도 중국업체의 디스플레이를 사용하고 AP도 중급기 수준이라 좀 걱정이 되긴했지만 새로운 폼팩터가 궁금하기도하고 앞에도 얘기했듯이 AP성능은 중급기 정도만해도 제 사용패턴에는 충분할꺼 같아 구매하기로 결정했습니다. 개봉하고 이틀밖에 사용하지 않았지만 느낀점을 말씀드리자면 우선 일루젼스카이 색상이 참 마음에 드네요. 하늘색 흰색 분홍색이 빛의 각도에 따라 변하는데 너무 영롱합니다. 그래서 케이스를 끼우면 매력이 너무 반감되는 느낌이에요. 두께가 좀 두꺼운데 그래서 사용할때는 오히려 그립감이 좋아요. 다만 무거운 무게와 더해져 주머니에 넣고 다니면 부담스럽긴합니다. 디스플레이는 중국산이라해서 걱정했던것과 달리 색감이나 밝기 모두 만족스러운데 듀얼스크린은 해상도가 조금 더 높았으면 하는 생각도 드네요. 그외에 듀얼모드로 사용하는것은 생각보다 금방 적응이 되었고 어느정도 익숙해지니 멀티테스킹에 확실히 유용하긴하네요. 향후에 두 스크린 간에 앱 전환이 바로 이루어질수 있게 업데이트만 된다면 진짜 편할꺼 같아요. 카메라도 나름 잘 나오는것 같고 화각이나 모드를 바꿔가며 써보는 재미가 있네요. 그외에는 유튜브 리뷰들을 보면서 모노스피커라거나 아무래도 폼팩터 특성상 유격이 좀 있다는 점 등 미리 알 수 있었던 이런저런 장단점이 있었구요. 어느 스마트폰이건 장단점이 없을순 없겠지만 실제 써보니 스위블 되는 듀얼스크린과 팝업 셀피카메라만으로도 이미 직장에서는 인싸템 대접을 받고있는 폰이 되었답니다. 높은 사양을 요구하는 게임을 하신다거나 작고 가벼운 폰을 선호하시는게 아니라면 추천할만한 폰이라고 결론을 내리고 싶어요. 아 그리고 또 한가지 아쉬운 부분이 기본으로 동봉된 액정보호필름이 품질이 그리 좋지않고 특히 전면 보호필름은 엣지 부분이 잘 붙지않아서 강화유리필름을 구매하려고 알아보는 중이에요 ㅠㅠ 그래도 한동안 만족하며 잘 사용할수 있을것 같습니다. 구매를 고려중이신 분들께 작은 도움이 되었으면 좋겠네요 :),"스윙블폰 어떨지 궁금했는데 정말 신기하고 재밌는 폰이네요ㅎ 셀카 찍을때는 폰 상단에서 슝 소리가 나면서 카메라가 튀어 나오는데 정말 신기합니다.짐벌카메라 기능이 있어서 폰을 움직이지 않고 가상 조이스틱만으로 흔들림 없이 전문가처럼 찍을수도 있어서 좋고 듀얼레코딩 기능이 있어서 전,후면을 한번에 찍을수도 있는데 저장도 같이 할수 있어서 인스타나 페북에 올릴때 정말 좋습니다ㅎ 역시 아이디어의 엘지네요ㅎㅎ  그리고 색상은 일루전스카이인데 색깔이 정말 예쁘고 고급스럽습니다. 기능뿐만 아니라 디자인도 최고에요ㅎ 필름이랑 케이스도 들어 있습니다. 배송도 엄청 빠르고 강추 합니다ㅎ",사용하다보니 처음의 신선한 느낌은 많이 사라졌네요. 당장 폰이 너무 무겁다는 느낌이 강합니다. 뒤에 그립톡을 부착하니 사용하기엔 많이 괜찮아졌지만 무선충전을 사용할수없고 엘지페이를 사용할때 신경써서 갖다대야하는 불편함이 있네요. 업데이트가 되면서 속도도 좀더 빨라졌고 두개의 앱을 쓰는중에 화면간의 전환도 가능해져서 사용성은 보완이 되었습니다. 그래도 여전히 스위블이란 폼팩터에 대한 확실한 구매요인을 제공해주지 못하고 부차적인 단점이 공존하는지라 다른 사람들에게 쉽게 추천해주진 못할꺼 같아요. 케이스가 후면에 부착이 되어야하는 방식이라 아직까지도 선택의 폭이 좁고 곡면 디스플레이라 필름이나 강화유리 고르기도 까다롭네요. 그래도 엘지에서 꾸준히 업데이트를 해주려고 하는것 같아 아직까진 다행이라 생각하고 사용중입니다. 엘지에서 사후관리를 꾸준히해주고 소프트웨어적인 활용성을 더 높여 좀더 대중적인 폰 또는 폼팩터로 자리매김할수 있기를 바라요.
0,224,5월초에 부모님 직접 드리려구 4월말에 구매했는데 3만원이나ㅠ떨어진 가격에 속이 쓰리네요ㅋㅋ학생이다보니ㅜㅠㅜㅠ부모님 핸드폰 바꿔드렸어요.부모님이 쓰실거라서 가개통 아닌 자급제폰으로 구매했구요.홈버튼이 없어서 아직 손에 익지는 않으셨는데 좋다고 하시니 다행이에요.여러 보급형알아보다가 A10E로 구매했어요.뽁뽁이 두껍게 쌓여서 왔구요.가볍고 얇고 예뻐요.화면보호필름은 인터넷에서 뒤져도 없고 집 주변에 삼성센터도 없어서 집근처 폰가게 가서 얼추 맞는거로 붙였어요.단점은 노래를 듣고 싶으신데 노래 듣는앱 자체가 없네요. 그리고 충전기 줄이 짧아서 충전기 줄은 따로 구매하는게 편할 것 같아요.그리고 그립톡은 3M테잎인데 자꾸 떨어져요ㅜㅠ정품 케이스나 그냥 인터넷에서 파는 케이스 갤럭시 A10E거는 찾기 어렵고 진2랑 호환이라 그거로 사니 딱 맞고 좋아요.그리고 화면보호필름 추가구매로라도 할 수 있었음 좋겠어요.,배송 좋다. 작다. 가볍다. 그립감 좋다. 저가형이지만 기본동작은 빠릿합니다.그러나 외관에 문제 있는 상품받았습니다. 회수하려면 삼성서비스센터에 가서 불량판정서를 받아오라는데 번거로워서 그냥 쓰기로했습니다. 외관에 신경 안쓰면 추천합니다.  유심트레이 조립이 삐뚤게 되고 액정과 배터리커버 사이가 들렸습니다. 그치만 이점빼고 디자인은 맘에 듭니다. 외관 이외에 성능은 만족합니다. 다른 저가형폰도 쓰고 있지만 a10e가 사용할때 만족감이 높습니다. 하지만 하드웨어가 빠진 부분이 있으니 잘알아보고 사는게좋습니다.자동밝기 x  나침반 x 지문인식x dmb x통화시 자동녹음 설정 가능내비게이션 됨usb c타입이고 충전기 사면 고속충전됩니다.,부모님 핸드폰 바꿔드렸어요.부모님이 쓰실거라서 가개통 아닌 자급제폰으로 구매했구요.여러 보급형알아보다가 A10E로 구매했어요.뽁뽁이 두껍게 쌓여서 왔구요.가볍고 얇고 예뻐요.단점은 노래를 듣고 싶으신데 노래 듣는앱 자체가 없네요. 그리고 충전기 줄이 짧아서 충전기 줄은 따로 구매하는게 편할 것 같아요.그리고 그립톡은 3M테잎인데 자꾸 떨어져요ㅜㅠ정품 케이스나 그냥 인터넷에서 파는 케이스 갤럭시 A10E거는 찾기 어렵고 진2랑 호환이라 그거로 사니 딱 맞고 좋아요.
0,225, 기본 구성 사진입니다. 추가 사은품은 따로 보내주신다고 하셨구여~ 다른곳 보다 기본사은품 구성도 좋아서 여기서 구매하게 되었습니다.겔럭시 쓰다 바꿨는데.. 속도도 빠르고 디자인도 너무 마음에 듭니다.넥서스 5x 강추에요! ,,
0,227,"옵티머스LTE2 대만족하게 사용하는 유저입니다. 왜 이폰이 국내출시 난감하냐면 테그라3을 달고 나와야 4x 즉 쿼드코어라는게 충족이 되는데 이렇게되면 LTE가 지원이 안됩니다. 테그라3은 3G이하용이기 때문이죠... 이렇게되면 LTE 통합원칩인 스냅드래곤 s4를 달면 또 듀얼코어라 4x라는 이름에 충족이 안될뿐만 아니라 그냥 말그대로 스펙이 옵티머스LTE2랑 거의 똑같기때문에 굳이 출시할필요가 없어지죠......... LG입장에선 굳이 통신사에서 싫어하는 3G용을 출시할 이유가 없을뿐만 아니라 갤럭시S3 3G에 비해서 경쟁력이 턱없이 부족하기 때문에 LTE폰에 올인하는게 낫다고 보여집니다. 물론 방법은 있습니다. 갤럭시S3 LTE 처럼 베이스밴드 즉 칩을 2개 넣는것이죠... 이렇게되면 스냅드래곤 s4 처럼 원칩이 아니라서 효율성이나 배터리소모등 단점이 지적될 가능성이 매우 높습니다. 지난 갤럭시S2 LTE, HD LTE, 옵티머스 LTE1, 베가LTE1 등등 이 초창기 스내드래곤S3을 달고나온 폰들은 모두 배터리가 너무 빨리 단다는 단점이 매우심했습니다. 아무튼 갤럭시S3 LTE나 옵티머스 4x HD나 베이스밴드(2칩) 으로 나오게 된다면 개인적으로 구매하지 않을것이고 옵티머스LTE2로 버티다가 추후에 엑시노스 LTE원칩이나 VoLTE 폰이 나오게 되면 그때 사려고 합니다. 솔직히 갤럭시S3 LTE 매우 기대했는데 결국 삼성이 원칩 LTE 지원칩을 개발까진 갔어도 상용화를 이루지 못했네요...... 아무튼 퀄컴은 원칩 처음으로 만들어서 돈 상당히 많이 벌어먹네요.... 해외출시 갤럭시S3 LTE 모델도 스냅드래곤s4가 거의 달려서 나오니까요..... 우리나란 쿼드코어 마케팅때문에 어쩔수 없이 2칩이면..... 굳이 안살렵니다.",이휴대폰에는 코어가 총 다섯개입니다하지만 쿼드코어로 나오죠 왤까요??1.5기가 헤르쯔 4개와 800 메가 헤르쯔 1개가있기때문입니다쉐도어 코어라고 전력을 덜쓰는 코언데요 인터넷 서핑같은 저사양 작업는 5개 코어중 1.5기가 해르쯔3개와 800메가헤르쯔 1개 짜리가 돌아갑니다그리구나서는 고사양 게임 이나 그래픽 작업에는 1.5개짜리 4개가 돌아가죠 그래서 왠만한 고사양 프로그램왜에는 배터리가 덜딸게 되어 있습니다 이번작품은 기대가 무지되지만 ㅎㅎ 저는 아이폰 유저라 미안해 옵티머스~~ㅋ,갤3가 쿼드로 나오는 마당에 LG는 뒤지기 싫으면 이거밖에 없음 다만 테그라3가 LTE지원이 안 되서 3g죽이기에 눈이 빨간 통신사들이 팔아줄런지 옵2 신나게 팔아먹다가 다음달 갤3 발매될 때쯤 다갈아 엎고 쿼드.LTE에 2기가 램으로 나올거 같음 지금 나오면 팀킬
0,233,"아직 사용해보지못해 ui나 최적화쪽은 잘모르겠습니다만.프라다라는 브랜드적 가치를 살리기위해 lg에게 최적화 시킬일은 없을거같고. 디자인도 명품이란 칭호를 붙이기 좋을정도로 깔끔하고 좋네요.예상으로는 skaf같은 통신사 어플이 깔릴확률은 낮다고봅니다.프라다폰 같은경우는 통신사보고 팔아달라하는게아니라 통신사에사 팔게해달라는 쪽의 폰이고 그런면에서통신사어플은 없을것같습니다(예를들면 htc사의 센세이션이 있습니다)그리고 어느분이 클럭수가 딸린다했는데 클럭수는 그냥 수치일뿐 cpu의 질이 중요한겁니다.모토로이(희대의 쓰레기폰)로 1.2ghz로 클럭한게 갤투랑 같다보는격입니다. 또하나 베가레이서가 1.5클럭수를 달고나왔는데 1.0인 옵티머스3d한테 속도로는 발립니다. 듀얼채널이라는 기술을 접목시키면 더빠르게 사용할수있을뿐만아니라 구지 안정권 넘는 클럭수를써서 기기수명을 줄일필요가 없어집니다. 프라다는 자체적으로 명품이란 브랜드가치를 중시하기에 님들이2년쓰다 버릴폰으로 만들지 않아서 긍정적으로 생각합니다. 마지막으로 하드웨어적 스펙이 딸린다하는데 이경우는 아이폰4를 예를 들겠습니다.다들 아시다시피 아이폰4는 중고가로도 4s가 나온시점에서도 50만원대의 중고가를 지녔습니다.바로 ios5업데이트 및 아이폰만의 최적화덕입니다. 우리가 사랑하는s사의 x럭시s 를 예로 들어볼께요 ,현제 x럭시s는 진저브레드(2.3)버젼까지 업데이트 되어있습니다. 하지만 아이스크림 샌드위치(4.0 ICS)로는 하드웨어가 딸려서 안해준다하네요 하지만 동급스펙인 넥서스S 는 벌써 업테이트 되고있습니다. 이는 넥서스를 버리지않는 구글과 최적화가 있어 가능한일입니다.그렇듯 프라다도 명품 폰처럼 사용할수 있을것같습니다.","왜요? 국내 폰들은 해외폰들의 우수한 소프트웨어에 대항하기 위해 자체 핸드폰 스펙을 높인거죠 안드로이드만 봐도최적화의 문제가 스펙보다 더 중요시하게 되는 문제이구요. 저 밑에분은 벌써부터 쿼드코어 말씀하시는데프라다폰은 자체 브랜드 이미지를 중요시 하는 업체입니다. 저폰이 나오기까지 LG와 2년동안의 제작기간을 가졌어요, 요즘 스마트폰 1년 지나면 고물취급되는데 그렇게 스펙스펙 최신사양 타령하시려면 핸드폰 적어도 3개월에 한개씩은 바꿔야지요.저정도 스펙이면 하루종일 핸드폰 갖고 게임하는 사람아니면 잘쓰고도 남습니다. 그리고 프라다3.0은 주도권을 거의 프라다가 갖고LG가 출시해주는 핸드폰입니다. 그리고 사치품 럭셔리 아이템이 핸드폰값(보조금지원하)20만원이면 사는군요언제까지 명품=초고가 라는 인식하의 사시겠습니까.. 이해와 편견을 갖고 다른 관점에서도 보아주세요. 패션,디자인이 취미인만큼 저로써는 핸드폰 예쁘기만 하네요. 지극히 개인적인 가치관으로 나오지도 않는폰함부로 평가하는건 무리가 아닐까요? 그것도 까다롭기로 유명한 프라다 디자이너들의 작품을요.","밑에 리뷰 작성하신 분들이 자꾸 스펙, 스펙 하시는데...프라다폰은 성능과 스펙을 보여주는 것이 아닌 디자인과 명품 브랜드, 그리고 새로운 악세사리 등을 보여주기 위해 출시한 거죠.삼성 갤럭시 S시리즈처럼 그 때마다 최고의 스펙을 보여주는 그런 cell phone시리즈가 아닙니다.탁월한 스펙을 보여주려고 했으면 왜 괜히 프라다와 손잡아서 같이 공동 개발했을까요?그냥 lg에서 옵티머스 lte처럼 좋은 스펙폰 또 내놓으면 그만이지.그리고 프라다폰이 국내에만 출시하는 것이 아니라 해외 각지로 판매됩니다.우리나라 스마트폰 이용자들이 너무 눈이 높아서 스펙 같은 걸 잘 따지고 그러는데,우리나라에서 판매되는 스펙이 평범한 폰도 해외 나가면 고가로 잘 팔립니다.프라다폰은 국내 시장을 주도하려는 것이 아니라 세계 시장을 주도하기 위해 시점을 맞춘 것이죠.그리고 한 가지 물어봅시다. 이번에 출시된 프라다폰 스펙이라면 사실 왠만한 스마트폰 스펙 아닌가요?참, 얼마나 더 기대하고 있길래. lg는 옵티머스 lte로 최고 스펙 폰을 내놓았기 때문에이번에는 스펙에 중점을 둔 것이 아닌 디자인과 브랜드로 초점 맞춘다는 것을 알아채지 못하고 계시군요.그리고 이번에 프라다폰의 독창적인 specialification이 없다고요?안드로이드 진저브레드 OS에 프라다의 독특한 검정 바탕에 하얀색 무늬를 그려 넣은 소프트웨어가세계 사람들의 눈길을 사로잡는다는 것 모르시나봐요.정말, 다시 한 번 생각해보세요.이번 폰이 그렇게 스펙에 목숨걸고 따져야 할 폰인지...(차라리 좋은 스펙의 lg폰 사려면 옵티머스 lte 사시는게...)"
0,234,"아직 사용해보지못해 ui나 최적화쪽은 잘모르겠습니다만.프라다라는 브랜드적 가치를 살리기위해 lg에게 최적화 시킬일은 없을거같고. 디자인도 명품이란 칭호를 붙이기 좋을정도로 깔끔하고 좋네요.예상으로는 skaf같은 통신사 어플이 깔릴확률은 낮다고봅니다.프라다폰 같은경우는 통신사보고 팔아달라하는게아니라 통신사에사 팔게해달라는 쪽의 폰이고 그런면에서통신사어플은 없을것같습니다(예를들면 htc사의 센세이션이 있습니다)그리고 어느분이 클럭수가 딸린다했는데 클럭수는 그냥 수치일뿐 cpu의 질이 중요한겁니다.모토로이(희대의 쓰레기폰)로 1.2ghz로 클럭한게 갤투랑 같다보는격입니다. 또하나 베가레이서가 1.5클럭수를 달고나왔는데 1.0인 옵티머스3d한테 속도로는 발립니다. 듀얼채널이라는 기술을 접목시키면 더빠르게 사용할수있을뿐만아니라 구지 안정권 넘는 클럭수를써서 기기수명을 줄일필요가 없어집니다. 프라다는 자체적으로 명품이란 브랜드가치를 중시하기에 님들이2년쓰다 버릴폰으로 만들지 않아서 긍정적으로 생각합니다. 마지막으로 하드웨어적 스펙이 딸린다하는데 이경우는 아이폰4를 예를 들겠습니다.다들 아시다시피 아이폰4는 중고가로도 4s가 나온시점에서도 50만원대의 중고가를 지녔습니다.바로 ios5업데이트 및 아이폰만의 최적화덕입니다. 우리가 사랑하는s사의 x럭시s 를 예로 들어볼께요 ,현제 x럭시s는 진저브레드(2.3)버젼까지 업데이트 되어있습니다. 하지만 아이스크림 샌드위치(4.0 ICS)로는 하드웨어가 딸려서 안해준다하네요 하지만 동급스펙인 넥서스S 는 벌써 업테이트 되고있습니다. 이는 넥서스를 버리지않는 구글과 최적화가 있어 가능한일입니다.그렇듯 프라다도 명품 폰처럼 사용할수 있을것같습니다.","왜요? 국내 폰들은 해외폰들의 우수한 소프트웨어에 대항하기 위해 자체 핸드폰 스펙을 높인거죠 안드로이드만 봐도최적화의 문제가 스펙보다 더 중요시하게 되는 문제이구요. 저 밑에분은 벌써부터 쿼드코어 말씀하시는데프라다폰은 자체 브랜드 이미지를 중요시 하는 업체입니다. 저폰이 나오기까지 LG와 2년동안의 제작기간을 가졌어요, 요즘 스마트폰 1년 지나면 고물취급되는데 그렇게 스펙스펙 최신사양 타령하시려면 핸드폰 적어도 3개월에 한개씩은 바꿔야지요.저정도 스펙이면 하루종일 핸드폰 갖고 게임하는 사람아니면 잘쓰고도 남습니다. 그리고 프라다3.0은 주도권을 거의 프라다가 갖고LG가 출시해주는 핸드폰입니다. 그리고 사치품 럭셔리 아이템이 핸드폰값(보조금지원하)20만원이면 사는군요언제까지 명품=초고가 라는 인식하의 사시겠습니까.. 이해와 편견을 갖고 다른 관점에서도 보아주세요. 패션,디자인이 취미인만큼 저로써는 핸드폰 예쁘기만 하네요. 지극히 개인적인 가치관으로 나오지도 않는폰함부로 평가하는건 무리가 아닐까요? 그것도 까다롭기로 유명한 프라다 디자이너들의 작품을요.","밑에 리뷰 작성하신 분들이 자꾸 스펙, 스펙 하시는데...프라다폰은 성능과 스펙을 보여주는 것이 아닌 디자인과 명품 브랜드, 그리고 새로운 악세사리 등을 보여주기 위해 출시한 거죠.삼성 갤럭시 S시리즈처럼 그 때마다 최고의 스펙을 보여주는 그런 cell phone시리즈가 아닙니다.탁월한 스펙을 보여주려고 했으면 왜 괜히 프라다와 손잡아서 같이 공동 개발했을까요?그냥 lg에서 옵티머스 lte처럼 좋은 스펙폰 또 내놓으면 그만이지.그리고 프라다폰이 국내에만 출시하는 것이 아니라 해외 각지로 판매됩니다.우리나라 스마트폰 이용자들이 너무 눈이 높아서 스펙 같은 걸 잘 따지고 그러는데,우리나라에서 판매되는 스펙이 평범한 폰도 해외 나가면 고가로 잘 팔립니다.프라다폰은 국내 시장을 주도하려는 것이 아니라 세계 시장을 주도하기 위해 시점을 맞춘 것이죠.그리고 한 가지 물어봅시다. 이번에 출시된 프라다폰 스펙이라면 사실 왠만한 스마트폰 스펙 아닌가요?참, 얼마나 더 기대하고 있길래. lg는 옵티머스 lte로 최고 스펙 폰을 내놓았기 때문에이번에는 스펙에 중점을 둔 것이 아닌 디자인과 브랜드로 초점 맞춘다는 것을 알아채지 못하고 계시군요.그리고 이번에 프라다폰의 독창적인 specialification이 없다고요?안드로이드 진저브레드 OS에 프라다의 독특한 검정 바탕에 하얀색 무늬를 그려 넣은 소프트웨어가세계 사람들의 눈길을 사로잡는다는 것 모르시나봐요.정말, 다시 한 번 생각해보세요.이번 폰이 그렇게 스펙에 목숨걸고 따져야 할 폰인지...(차라리 좋은 스펙의 lg폰 사려면 옵티머스 lte 사시는게...)"
0,236,"아직 사용해보지못해 ui나 최적화쪽은 잘모르겠습니다만.프라다라는 브랜드적 가치를 살리기위해 lg에게 최적화 시킬일은 없을거같고. 디자인도 명품이란 칭호를 붙이기 좋을정도로 깔끔하고 좋네요.예상으로는 skaf같은 통신사 어플이 깔릴확률은 낮다고봅니다.프라다폰 같은경우는 통신사보고 팔아달라하는게아니라 통신사에사 팔게해달라는 쪽의 폰이고 그런면에서통신사어플은 없을것같습니다(예를들면 htc사의 센세이션이 있습니다)그리고 어느분이 클럭수가 딸린다했는데 클럭수는 그냥 수치일뿐 cpu의 질이 중요한겁니다.모토로이(희대의 쓰레기폰)로 1.2ghz로 클럭한게 갤투랑 같다보는격입니다. 또하나 베가레이서가 1.5클럭수를 달고나왔는데 1.0인 옵티머스3d한테 속도로는 발립니다. 듀얼채널이라는 기술을 접목시키면 더빠르게 사용할수있을뿐만아니라 구지 안정권 넘는 클럭수를써서 기기수명을 줄일필요가 없어집니다. 프라다는 자체적으로 명품이란 브랜드가치를 중시하기에 님들이2년쓰다 버릴폰으로 만들지 않아서 긍정적으로 생각합니다. 마지막으로 하드웨어적 스펙이 딸린다하는데 이경우는 아이폰4를 예를 들겠습니다.다들 아시다시피 아이폰4는 중고가로도 4s가 나온시점에서도 50만원대의 중고가를 지녔습니다.바로 ios5업데이트 및 아이폰만의 최적화덕입니다. 우리가 사랑하는s사의 x럭시s 를 예로 들어볼께요 ,현제 x럭시s는 진저브레드(2.3)버젼까지 업데이트 되어있습니다. 하지만 아이스크림 샌드위치(4.0 ICS)로는 하드웨어가 딸려서 안해준다하네요 하지만 동급스펙인 넥서스S 는 벌써 업테이트 되고있습니다. 이는 넥서스를 버리지않는 구글과 최적화가 있어 가능한일입니다.그렇듯 프라다도 명품 폰처럼 사용할수 있을것같습니다.","왜요? 국내 폰들은 해외폰들의 우수한 소프트웨어에 대항하기 위해 자체 핸드폰 스펙을 높인거죠 안드로이드만 봐도최적화의 문제가 스펙보다 더 중요시하게 되는 문제이구요. 저 밑에분은 벌써부터 쿼드코어 말씀하시는데프라다폰은 자체 브랜드 이미지를 중요시 하는 업체입니다. 저폰이 나오기까지 LG와 2년동안의 제작기간을 가졌어요, 요즘 스마트폰 1년 지나면 고물취급되는데 그렇게 스펙스펙 최신사양 타령하시려면 핸드폰 적어도 3개월에 한개씩은 바꿔야지요.저정도 스펙이면 하루종일 핸드폰 갖고 게임하는 사람아니면 잘쓰고도 남습니다. 그리고 프라다3.0은 주도권을 거의 프라다가 갖고LG가 출시해주는 핸드폰입니다. 그리고 사치품 럭셔리 아이템이 핸드폰값(보조금지원하)20만원이면 사는군요언제까지 명품=초고가 라는 인식하의 사시겠습니까.. 이해와 편견을 갖고 다른 관점에서도 보아주세요. 패션,디자인이 취미인만큼 저로써는 핸드폰 예쁘기만 하네요. 지극히 개인적인 가치관으로 나오지도 않는폰함부로 평가하는건 무리가 아닐까요? 그것도 까다롭기로 유명한 프라다 디자이너들의 작품을요.","밑에 리뷰 작성하신 분들이 자꾸 스펙, 스펙 하시는데...프라다폰은 성능과 스펙을 보여주는 것이 아닌 디자인과 명품 브랜드, 그리고 새로운 악세사리 등을 보여주기 위해 출시한 거죠.삼성 갤럭시 S시리즈처럼 그 때마다 최고의 스펙을 보여주는 그런 cell phone시리즈가 아닙니다.탁월한 스펙을 보여주려고 했으면 왜 괜히 프라다와 손잡아서 같이 공동 개발했을까요?그냥 lg에서 옵티머스 lte처럼 좋은 스펙폰 또 내놓으면 그만이지.그리고 프라다폰이 국내에만 출시하는 것이 아니라 해외 각지로 판매됩니다.우리나라 스마트폰 이용자들이 너무 눈이 높아서 스펙 같은 걸 잘 따지고 그러는데,우리나라에서 판매되는 스펙이 평범한 폰도 해외 나가면 고가로 잘 팔립니다.프라다폰은 국내 시장을 주도하려는 것이 아니라 세계 시장을 주도하기 위해 시점을 맞춘 것이죠.그리고 한 가지 물어봅시다. 이번에 출시된 프라다폰 스펙이라면 사실 왠만한 스마트폰 스펙 아닌가요?참, 얼마나 더 기대하고 있길래. lg는 옵티머스 lte로 최고 스펙 폰을 내놓았기 때문에이번에는 스펙에 중점을 둔 것이 아닌 디자인과 브랜드로 초점 맞춘다는 것을 알아채지 못하고 계시군요.그리고 이번에 프라다폰의 독창적인 specialification이 없다고요?안드로이드 진저브레드 OS에 프라다의 독특한 검정 바탕에 하얀색 무늬를 그려 넣은 소프트웨어가세계 사람들의 눈길을 사로잡는다는 것 모르시나봐요.정말, 다시 한 번 생각해보세요.이번 폰이 그렇게 스펙에 목숨걸고 따져야 할 폰인지...(차라리 좋은 스펙의 lg폰 사려면 옵티머스 lte 사시는게...)"
0,237,,,
0,241,가격만족도/성능/사용편의성 등 : 상태/배송 : 그 외 도움이 될 만한 사용후기 : 잘쓰고있음 옥션 안드로이드 앱으로 작성,일단 비교검색해보니 여기가 젤 싸더라구요. 조건도 없고 기계값만 계산하면 되니까.   사은품은 그닥 쓸모 있는건 없네요 ㅎ   케이스라도 쓸만하면 좋겠는데 너무 후져서;;   그것 빼곤 추천할만 합니다.   많이 파세요 ,사용자 연령대 :  디자인/사이즈/성능/사용편의성 :  포장배송상태 :    그 외 도움이 될 만한 사용후기 :옥션 안드로이드 앱으로 작성
0,242,다른곳보다 저렴히 판매하길래 바로 구매했어요.노트5쓰다가 갈아탄건데 화면크기는 비슷한데 노트8이 더 길면서 굴곡져서그런가 작아보이네요. 아이콘들도 작아져서 폰이 더 작게만 느껴집니다. 삼성스마트스위치로 모든정보 다 옮기니 편리하고 유심 끼우니 전화도 잘 됩니다.케이스나 필름 서비스는 없댔는데 본품에 기본으로 투명젤리케이스가 포함되어있고 필름은 따로 사야하네요. 아그리고 제조일은 17년12월거라 좀 불만족스럽습니다.오래된제품이라 싸게 행사하는건가싶기도하고요. ,뭐 노트8을 지식인이나 블러그에 검색해보면 10만원대에 샀다... 뭐 요금제 자유다.. 혹은 10만원도 안주고 샀다... 말들이 많죠!! 어디어디 가입해서 사라.. 등등  하지만 전 정직하게 오픈되어있는 곳에서 구매해야 뒷탈이 없을거 같아 롯데에서 구매했네요.상담사님들도 다 친절 하시고 고딩아들도 엄청 만족해 합니다.. 요새 폰 색깔은 아무의미없는거 같네요 앞면이 전부 올 검정색이라.. 뒤는 커버씌우면^^,가격도 저렴하고 친절하게 잘챙겨 주셔서 개통도 바로 하고 좋네요.부모님 스마트폰 바꿔드렸는데 좋아하셔서 기분 좋은것 같네요.보급형 모델은 무선충전 안되는데 메이저 모델이라 무선충전도 되고 화면도 커서여러가지로 좋은듯 하네요. 감사합니다. 많이 파세요.
0,14,"
색상 재고 관련해서 통화 주실 만큼 친절하고 빠릅니다. 
다만 블루투스 안테나 문제로 자가 수리했슴니다.
",,
0,15,"
저는 B급 16기가 6s 샀습니다 
 
만족 합니다. 
 
액정 깨끗하고 어플리케이션 작동 잘 합니다 
저는 따로 배터리 새걸로 교체까지하니까 새폰같아요 
 
구성품 주신거 감사드립니다. 
많이 파세요
","
어제 받았는데 송장번호 등록을 안하셨는지 이제 뜨네요! 제가 폰을 잘 떨어뜨리고 물에도 잘 빠뜨리는 편이라 새로나온 좋은 폰을 비싼요금제와 함께 사용하기에는 부담이 좀 크다는 생각이 들고, 저랑 안맞는거같아서 중고폰을 쓰고 있어요! 배터리효율은 딱 80%짜리로 왔구요! 외관 깔끔합니다. 어차피 케이스 씌울꺼라 흠집있어도 상관없어서 A급으로 샀어용. 추가옵션으로 배터리 교체같은거 있음 좋겠네요!
","
어제 샀는데 재고 있다고 바로 보내주셔서 오늘 받았고요 B급을 사서 모서리 찍혀있는거랑 충전기 꽂는데 칠 벗겨져있으나 괜찮고 그 외에는 깨끗했어요 아쉬운건 배터리 80퍼 내외라고는 하셨는데 75퍼짜리가 왔고 배터리가 확확 닳아요 배터리는 밑분 말대로 따로 갈고 써야할거 같아요 그 외엔 다 만족합니다 
충전기 잭 주신게 하루만에 작동이 안되네요ㅠ
"
0,16,,,
0,22,"
자급제폰은 처음 사봐요 그래서 걱정이 많았어요 
인터넷주문이기도 하고 사실 걱정 좀 했는데 
 
판매자분께서 친절하셨고 
택배도 빨리오고 튼튼하게 보내주셨어요 
믿고받는 우체국택배에 빠른배송! 
 
폰받고 이틀째 쓰고있는데 정말 좋아용 
폰크기는 생각도 못하고 사서 받고 놀랬지만.. ㅎㅎ 
s8쓰다가 바꿨는데 이게 더 폰 속도도 빠르고 좋아용 
화이트주문했다가 KT는 블랙뿐이라서 블랙으로 변경해서 받았는데 색은 별로 중요치 않아서 ㅎㅎㅎ 
무튼 좋아요 
굉장히 만족하면서 쓰는 중이고 주변에도 추천중이에요 
번창하세요~ ^^
","
아주 깨끗해서 거의 새상품 받는 기분이었어요. 
가개통폰은 처음 써보는데 중고와 다르게 누가 쓰던 폰이 아니라서 좋네요. 질문이 많았는데 사장님께서 친절하게 답변해주셨어요. 전시용이라서 조금 걱정했는데 외관도 성능도 새상품이랑 똑같아요. 
그리고 화이트색상 너무 이쁘네요
","
리퍼폰은 처음인데 완전 새거 같고 
좋네요! 
중고보다는 리퍼가 훨 낫네요 
다음에도 또 필요하면 구매할께요 
근데 필름 주신거는 기기 전면 카메라 가리고 
사이즈가 작은거 같더라고요 
필름 없었어도 기기만으로 만족해요!
"
0,23,"
빨리와서 좋았습니다. 리퍼급을 새 제품으로 생각하시면 안됩니다. 약간에 생활기스는 있습니다. 
영수증까지 같이 보내주셔서 믿음이 갑니다. 저 같은 경우 유심 넣는 부분에 살짝, 카메라 옆에 살짝, 액정에도 살짝홈 같은 잔기스가 있습니다. 거의 새제품처럼 보입니다. 리퍼폰 가성비는 따라 올 수 없을 것 같습니다. 판매자분이 바로바로 친절하게 답변 잘해 주시고 새폰을 산 느낌적인 느낌~ 너무 좋네요. 추천합니다. 별5개 드리면 좀 주작 같이 보일 수 있어서 1개는 뺍니다.
","
액정이 참 길고 선명한 거 같은데.. 
DMB 화질은 완전 거지같음;;;; 
카메라 화질도 썩..... 좋진 않네요 
기기가 그렇게 생겨먹은거니까요 
 
투명케이스로 며칠 쓸게요 ㅋㅋ 
상태표시줄 글씨랑 배터리잔량 표시가 너무 작아요ㅠㅠ 
업데이트했더니 미세조정하던게 더 둔해졌어요,, 
중고보단 새거 사는게 낫긴 한 거 같고.... 
오래쓰는건데 .... 그렇게 막 싸구려같진않아요~~!!
","
성능이나 디자인, 빠른 배송 등 모두 만족합니다. 저는 KT를 사용중인데, 스마트폰을 수령 개봉해 보니 LG U+ 폰이 배송되어 당황했어요. 다행이 활용하는데는 호환이 되어 그냥 쓰고 있어요. 상품소개 안내할 때, 또는 옵션 선택항목에서 이동통신 3사를 선택할 수 있는 배려가 있으면저처럼 혼돈하는 일이 없으 것 같아 요.
"
0,25,"
아이가 아이폰이 넘 갖고 싶다고 해서 아이폰7 구매했어요.. 
출시된지 오래된거라 걱정했는데 이 정도면 S급 역시나 깨끗했구요, 포장도 꼼꼼하게 해주셨어요..다만 아쉬운 점이 있다면 배터리 효율이 76%라는 점이었고 충전기 세트 정도는 있었으면 좋았을텐데 갤럭시만 사용했던 저희 집에선 함께 주문한 충전기가 도착하지 않아 먼저 급하게 대리점에서 비싸게 구입했네요..;; 
그래도 할인가에 구입했으니 배터리는 나중에 따로 교체하면 될 것 같아요..33,000 이라고 하더라구요.. 
어제 받은 첫 날 발열이 한번 있었던것 같은데 잘 관찰해보려구요..암튼..깔끔한 폰 감사드립니다~~~
","
웬만하명 상품후기를 안쓰는데요~ 쓰고가야되겠어요. 
갤럭시 S4 LTE-A입니다. SKT이고 A급 화이트 구매했어요. 두번 재부팅하니까 유심카드 인식을 했어요. 사용한 흔적은 찾을 수가 없고 다만 배터리 충전단자에 충전기로 인한 검은색 때가 끼인것 밖에~ 완전 새거에요. 사진보십시오 포장도 꼼꼼하고, 새폰 산것처럼 폰 박스도 있고 휴대폰 껍데기에 액정 보호필름도 받았습니다. 상품안내서도 동봉되어있고요. 32GB에 쓸만해요. 안드로이드 5.01 탑재되어있어요. 완전 새폰이에요 ㅎㅎㅎㅎ 
만약 문제가 있으면 종종 물어보려고요. 많이 파세요~^^
","
A급으로 구매했는데 겉손상도 안보이고 
속도 충전속도 발열 같은 문제도 없습니다. 
 
포장 내용물이 달랑 폰 하나가 전부라서 
충전기나 이어폰은 미리 준비하는게 좋습니다. 
 
붙여서 보내주는 필름은 전면필름은 아니고 케이스도 투명고무 기본형이라서 
필름이랑 케이스도 따로 구매하는것이 
좋을 것 같습니다.
"
0,26,"
가성비 갑인 휴대폰 입니다. 집순이라 고성능이 필요없어서 싼걸로 샀어요ㅡ 그래도 삼성이라 웬만한 기능 무리없이 다 됩니다
","
개봉도 안된 매우 좋은 상품입니다. 원하는 색상이 없어서 다른 색상으로 바꾸기는 했지만... 제품도 이만하면 매우 좋고요...많이 파세요
",
0,28,"
S급 처음 배송 제품 카메라에 문제가 있었는데, 바로 교환 처리해 주셔서 만족합니다.
","
상태도 괜찮고 저렴하게 잘샀습니다~ 성능도 나쁘지 않네요~
","
핸드폰 자체는 기스도 없고 좋은것 같습니다. 다만 추가로 신청한 C타입 젠더는 2개를 신청하였으나 1개만 왔구요. 기본제공해준다던 충전케이블은 없고 제가 추가 신청한 충전케이블 2개만 있네요.. 머 젠더 얼마하지도 않고 당장 쓸수 있으니 구매 확정은 해드렸으나.. 신청해놓고 받지 못한게 있어서 찝찝하네요.
"
0,29,"
새제품같은 중고라 하셨는데 
솔직한 속마음은 쫌 이런폰은 걸렀으면 하는 
그런 맘이네요 아무리 중고라 생각 하더라도 
새제품같은 이라 하셨으니 
 
본론으로 막상 받은결과 사용후 10분도채 되지 않아 
화면 깜빡거림..... 그리고 게임을 얼마나 돌렸던지 
발열 무지 심하구요 똑같은 씨피유에 다른기종은 
발열도 이렇게 심하지 않구요 
타사 등급으로 따져 보자면 c등급? 좀 좋게 봐주면 b등급? 
정도 되는 정도네요 
 
-이상 솔직한 사용후기 입니다-
",,
0,30,"
잔기스도 없고 정말 깨끗한 상품 잘 받았습니다 블루색 정말 예뻐요^^
","
한달전에 S7 B급 8만원에 샀다가 잔상이 엄청 심해서 실망했는데 방수팩이 구멍이 났지는 물이 들어와서 사망(방수폰이라는데 중고라서 그런가) 이번엔 S급이 10만원이 당장 지름. 상태가 완전 미개봉 수준.
",
0,40,,,
0,41,"
두번째구입입니다. 부모님 드리려고 구입했구요 색상은 제가 찍은 사진이 밝게 나왔어요 A+급인데 찍힌곳 몇군데 있어요 크게 찍히지 않아 A+로 분류된것 같구요 
이전에 아들핸드폰도 여기서 샀는데..음 중고폰으로 핸드폰 파시는분들은 케이스를 안하고 다니시나봐요ㅋㅋ 전 항상 케이스를 하고 다녀서 몇번을 떨어트려도 저런 찍힘들은 없는데 말이죠 뭐 케이스 끼면 안보이는것들이고 중고니까 그냥 써야죠 
그리고 배송은 로켓배송이네요 오후5시쯤 주문했는데 다음날 12시경에 도착했어요
","
1 배송 
빠릅니다 
 
2 포장상태 
폰을 감싼 투명비닐 
넉넉한 뽁뽁이 
폰이 들어있는 고급스런 종이박스 
 
3 폰 상태 
이거 정말 중고인가요? 흠 하나 없네요 
필름도 완벽하게 붙어 있어요 
 
4 배터리 
생산된 지가 22개월 정도 되는데 잘 충전되고 빨리 줄어든다는 느낌이 전혀 없어요 
 
좋은 제품 잘 보내주셔서 감사합니다
","
진2 저렴하고 괜찮은데 이 기종의 치명적인 문제점, 터치팅김이랑 렉 현상이 너무심함 이거로 게임하려는생각은 접어야할듯 전화나 문자 카톡, 음악듣는용도로 적당함
"
0,43,"
배송빠름, 배터리는 1개, 유심장착과 SD카드 장착위치가 같아서 (단지, 위 아래차이) 헷갈렸어요. 
 
아쉬운 점은 최저가보다 약 16.000원 비싸다는 것을 나중에 알았어요ㅠㅠ 
 
그리고 사은품이 하나도없다는 점 (타사는 필름, 케이스 주는 곳도 있었음) 
 
다음에는 가격검색과 사은품 확인 후 구매해야 겠다고 생각했어요. 
 
 
제품은 예상대로 좋아요. 감사합니다.
","
성능 보통 배송 보통 포장 보통 총평 보통
",
0,44,"
기기상태가 
뒷면에 찍힌자국과 기스, 
모서리에도 기스있고, 
홈버튼에도 기스. 
이게 
확실히 s급은 아닌듯 
판매도 중요하겠지만 정확한 정보전달도 하심 좋겠네요 
아...기스는 흠집으로....
","
주문한 색깔이 재고가 없어 주문 후 3일 기다렸지만 제품은 깨끗하네요
","
가격은 뭐 폰 자체가 비싸서... 그래도 속도는 신세계네요. 폰도 상태양호. 마음에 들어요.
"
0,45,"
기능에(지문인식) 관련있는 버튼이 찍혀있어서 지문인식이 안되네요. 외형 스크래치도 아니고 이건좀 아닌것 같습니다.
",,
0,46,"
여고생 딸이 아이폰 6s를 너무나 갖고 싶어했지만 매장에서는 구할 수가 없어 우여곡절 끝에 중고폰을 구매했었는데요. 
그 만족도가 높아서 큰 딸을 위해 7플러스도 이곳 판매자(인스코리아)분께 구입하게 되었습니다. 
 
주문하고 딸에게 빨리 전해주고 싶어 퀵비 지불하고 3시간만에 오토바이 퀵으로 수령했습니다. ㅎ 
작은 딸을 위해 구입한 6s와 마찬가지로 7플러스도 S등급으로 선택했습니다. 
 
수령 후 자세히 살펴보니 뒷면 애플로고에 미세한 스크래치와 카메라 테두리에 작은 찍힘이 있기는 했지만 그 외에는 완전 깨끗한 상태였습니다. 
얘기 안하면 누가 봐도 중고폰인지 모를거 같습니다. ㅎㅎ 
액정필름도 부착되어 있고 충전기와 투명케이스도 동봉되어 있어 당장 사용하는데는 지장이 없는 상태입니다. 
 
작은 딸과 마찬가지로 큰 딸도 기존 핸드폰에서 유심 옮겨 개통하고 이것 저것 어플 설치하고 알아서 척척 하더군요. 
배터리 최대 성능치는 90% 정도 나오는걸 보니 양호한 편입니다. 
올 12월말까지 배터리 교체시 할인된 가격인 34,000원에 교체할 수 있다고 하니 올해가 가기 전에 교체 고려해봐야겠습니다. ㅎㅎ 
 
혹시나 해서 단말기 일련번호 이용해 애플 홈페이지에서 제조일자 검색해 보니 2017년 1월 3째주 이더군요. 
실 사용기간이 최대로 잡아봐야 18~19개월 정도라는 뜻이니 나쁘지 않은거 같습니다. 
 
작은 딸이 구입한 6s는 미세한 문제가 있어 재 상담해 봐야 할거 같지만, 본 제품(7플러스)은 별 문제 없어 보입니다. 
중고폰 특성상 약정기간도 따로 없으니 원하는 기간까지 큰 문제 없이 사용하기를 바래봅니다. ^^
","
중고폰은 처음이라 검색도 많이 하고 고민 많이 했는데 
상품평,가격도 괜찮고 무상점검 등의 서비스도 있고 
마침 원하는 통신사로 재고가 있어 구매했어요 
새폰 같은 제품에, 
배송도 빠르고 서비스센터 점검한 영수증과 
충전기,젤리케이스,액정보호필름 부착까지~ 
유심 끼우고 두번 켰다 껐다 하니 바로 잘 됩니다 
엄마 드리는거라 오늘에야 바꿔드리고 후기 작성해요 
잘 사용할께요, 감사합니다~
","
작년에 사고 올해 스토어 찜했다가 또 샀어요. Sk폰 원했는데 kt로 와서 좀 아쉬워요 ㅠㅠ 그거빼곤 폰은 카메라부분빼고 깨끗하고 액정필름도 붙여서 와서 넘 편하고 좋아요. 서비스 케이스까지 풀세트로 오니 신경쓸거 따로 구매할거 없이 유심칩만 갈아끼면 되니 편리해요. 제폰살때 또 구입할료구요. 고장없이 잘 썼음 좋겠어요~*
"
0,47,,,
0,50,"
여고생 딸이 아이폰 6s를 너무나 갖고 싶어했지만 매장에서는 구할 수가 없어 우여곡절 끝에 중고폰을 구매했었는데요. 
그 만족도가 높아서 큰 딸을 위해 7플러스도 이곳 판매자(인스코리아)분께 구입하게 되었습니다. 
 
주문하고 딸에게 빨리 전해주고 싶어 퀵비 지불하고 3시간만에 오토바이 퀵으로 수령했습니다. ㅎ 
작은 딸을 위해 구입한 6s와 마찬가지로 7플러스도 S등급으로 선택했습니다. 
 
수령 후 자세히 살펴보니 뒷면 애플로고에 미세한 스크래치와 카메라 테두리에 작은 찍힘이 있기는 했지만 그 외에는 완전 깨끗한 상태였습니다. 
얘기 안하면 누가 봐도 중고폰인지 모를거 같습니다. ㅎㅎ 
액정필름도 부착되어 있고 충전기와 투명케이스도 동봉되어 있어 당장 사용하는데는 지장이 없는 상태입니다. 
 
작은 딸과 마찬가지로 큰 딸도 기존 핸드폰에서 유심 옮겨 개통하고 이것 저것 어플 설치하고 알아서 척척 하더군요. 
배터리 최대 성능치는 90% 정도 나오는걸 보니 양호한 편입니다. 
올 12월말까지 배터리 교체시 할인된 가격인 34,000원에 교체할 수 있다고 하니 올해가 가기 전에 교체 고려해봐야겠습니다. ㅎㅎ 
 
혹시나 해서 단말기 일련번호 이용해 애플 홈페이지에서 제조일자 검색해 보니 2017년 1월 3째주 이더군요. 
실 사용기간이 최대로 잡아봐야 18~19개월 정도라는 뜻이니 나쁘지 않은거 같습니다. 
 
작은 딸이 구입한 6s는 미세한 문제가 있어 재 상담해 봐야 할거 같지만, 본 제품(7플러스)은 별 문제 없어 보입니다. 
중고폰 특성상 약정기간도 따로 없으니 원하는 기간까지 큰 문제 없이 사용하기를 바래봅니다. ^^
","
중고폰은 처음이라 검색도 많이 하고 고민 많이 했는데 
상품평,가격도 괜찮고 무상점검 등의 서비스도 있고 
마침 원하는 통신사로 재고가 있어 구매했어요 
새폰 같은 제품에, 
배송도 빠르고 서비스센터 점검한 영수증과 
충전기,젤리케이스,액정보호필름 부착까지~ 
유심 끼우고 두번 켰다 껐다 하니 바로 잘 됩니다 
엄마 드리는거라 오늘에야 바꿔드리고 후기 작성해요 
잘 사용할께요, 감사합니다~
","
작년에 사고 올해 스토어 찜했다가 또 샀어요. Sk폰 원했는데 kt로 와서 좀 아쉬워요 ㅠㅠ 그거빼곤 폰은 카메라부분빼고 깨끗하고 액정필름도 붙여서 와서 넘 편하고 좋아요. 서비스 케이스까지 풀세트로 오니 신경쓸거 따로 구매할거 없이 유심칩만 갈아끼면 되니 편리해요. 제폰살때 또 구입할료구요. 고장없이 잘 썼음 좋겠어요~*
"
0,51,"
성능 확인 하느라 조금 리뷰가 지체되었습니다. 부팅하면 SKT 용인 것으로 나옵니다. 알뜰 폰 KT를 사용하는 단말기 기변 용으로 구매한 것이라. 유심 인식이 5번의 재부팅으로 가능하더군요. 운영체제 업그레이드도 진행하고 MicroSD 카드도 인식및 포맷을 진행하고 다 만족합니다. 액정보호필름과 젤리케이스 감사합니다.
","
미개봉새제품이라고 해서 주문했는데, 새제품이 아닌것 같네요.. 외관에 사용할때 발생한 더러운 자국도 있고, 배터리도 빨리 소진되는거 봐서는 새제품같지는 않네요 ㅠ
","
사지마세요 폰엉망인거파는듯 고장난폰팔아서 교환해달랬는데 택배비도물러라하고 상담하시는분도불친절해요 싼거샀으니어느정도하자는감안하라는판매자정말황당하네요 잔상현상엄청심해요자꾸택배개인으로알아서시켜라해서귀찮아서안시켰는데 다른분들사지마세요
"
0,52,"
기능에(지문인식) 관련있는 버튼이 찍혀있어서 지문인식이 안되네요. 외형 스크래치도 아니고 이건좀 아닌것 같습니다.
",,
0,54,"
주말껴서 3일만에 받았습니다. 소비자 입장에 서 궁금해 하실 내용 몇 가지 참고하시면 구매에 도움이 되실듯합니다. 폰상태는 보통 말하는 S급 정도 됩니다. 생활 기스는 맘먹고 찾아야 보일 정도였습니다. 풀박스 본품 액서사리가 아닙니다. 이어폰은 삼성커널형 번들 이어폰, C타입젠더 충전케이블 충전기 모두 삼성 정품입니다. 그러나 새제품에 들어있는 AKG이어폰, 3A 충전기가 아닌 삼성 정품 번들 제품입니다. 이점은 구매에 참고하시면 좋을거같아요. 풀박스를 원하신다면 전화상담으로 판매자 분께서 어떠한 답변을 주시겠죠?^^ 폰본체에 투명젤리 케이스와 액보필름이 붙여왔습니다. 자신이 좋아하는 스타일의 액보강화유리나 필름, 케이스를 구매하기전 까진 쓰기에 충분하여 판매자분의 배려가 느껴졌습니다. 이점 감사합니다. 중고폰이지만 보통 가개통폰의 경우는 풀박스인경우가 많아 구매자 분들은 밀봉실만 개봉된 제품이라 생각하시지만 그건 아닙니다. 그렇지만 폰 본품의 컨디션은 최상이라 생각됩니다. 유플러스 알뜰모바일로 세컨폰이 필요해서 저는 구매하였구요. 실수로 통신사를 선택하지않아 제가받은 폰은 KT로 처음 개통됐던 폰이더라구요. 그래서 KT전용 어플이 설치되어있는데 이건 쓸 수 없지만 폰 설정에 낙인 처럼 찍혀있고 폰 부팅시 KT5G 라는 부팅 로고는 어쩔 수 없는... 그리고 유심에 맞는 폰을 이용하셔야지만 티머니나, 교통카드로 이용가능하니 이점은 구매하실때 추가 선택하시면 될거같아요. KT폰이었지만 유알모 유심으로 바로 이용가능했습니다. 감사합니다. 잘 쓸께요!! 제 글이 구매자 예정자 분들에게 도움이 되었으면 하는 바램에 글 적어봅니다.
","
리뷰 웬만하면 작성 안하는데 진짜 짜증나서 쓰러 왔습니다. 호평이 많네요. 
외관은 확실히 새 제품에 가깝습니다. 처음에 받았을 땐 너무 깨끗하고 멀쩡해서 너무 기분 좋았어요. 
근데 아이폰 케이블이 아닌 안드 케이블을 주셨구요. 
원하는 색상이 없어서 4일만에 수령했습니다. 외관은 멀쩡, 배터리는 89%입니다. 
블랙색상이 지금 구하기도 어렵고, 플러스가 가격대도 있다보니 저렴하게 득템한 기분이 들었지만..... 
근.데. 
치명적인 기기 결함이 있습니다. 
와이파이가 안돼요 ^^ 블루투스도 안되구요 ^^ 
수리비용 얼마 안하면 그냥 내 돈 주고 하려고 사설 갔는데 메인보드 나간거라고 15만원 청구된다고 하네요~ ㅎㅎ 심카드 꽂아서 데이터 무제한으로 쓰면 상관없겠지만, 와이파이 없이 백업이나 업데이트 같은거 못하는걸로 알고 있는데.. 황당하네요 ㅋㅋㅋ 
제가 아이폰6를 4년 썼는데도 와이파이 문제없이 펑펑 쓰고 완전 멀쩡한데.. 
중고라고 너무 검수 대충하시는거 아닌가요? 
가장 중요한 와이파이가 안된다니, 아무리 중고 제품이라 해도 너무 한거 아닌가요 ? 
그래서 바로 교환하려고 문의했는데 제가 원하던 제품이 2주넘게 입고되지않아서 그냥 환불하려구요. 
고객센터 문의하면 피드백도 빠른 편이고 배송도 꼼꼼하고 신경써서 보내주신 듯 한데 상품 자체에 조금 더 신경 써주셨음 좋겠습니다.
","
어머니 폰을 갤럭시s7로 교체할려고 하던중 비슷한 가격에 아이폰8로 교체가 가능한것을 구입 하였습니다.. ㅎㅎ 갤럭시 s7과 아이폰8은 출시 시기가 1년정도 차이나는데 가격은 거의 차이가 없어서 구입하였습니다... 하지만 완전한 새제품이 아니라 불안한 마음이 있었는데 받고 보니 새제품이라고 해도 믿을 정도네요 어머니도 저렴하게 구입했다고 좋아하시네요 외관은 상처 없고 배터리 상태도 좋네요 박스에서 꺼내면 에어캡으로 잘 포장되 있습니다 겉박스는 상처가 약간있네요... 하지만 박스는 중요하지 않으니.. 구성품은 충전기, 케이블, 아이폰8 .. 상품 설명에 있듯이 이어폰은 없습니다 충전기, 케이블은 미사용 입니다 아이폰 뒷면 사진인데 상처는 없습니다 사진으로는 실물느낌이 잘 안나네요 아직 유심은 안꽂아서 전화나 문자는 사용안해봤지만 그 외의 초기화 후 설정, 어플 설치, 인터넷 등 다른 부분은 이상없이 작동하네요 빨리 보호필름, 케이스 구입하러 가야겠네요
"
0,55,"
장점부터 말하자면 일단 배터리 액정 태두리 상태 만족스럽습니다 거의 새것같네요 액정보호필름은 얇은걸로 붙여져서 왔고 . 젤리케이스 한개 기본제공 이고 퀵차지3.0 지원 충전기랑 케이블 들어있네요 . 배터리랑 액정수리영수증 동봉되어있습니다. 
단점으로는 카메라테두리에 여러곳 찍힘이 여러곳 있습니다. 
뭐 제가받은건 기능상에는 문제없는것 같네요 
동봉된 충전 케이블이 단자가 크기가 약간 이상해서 뻑뻑하게 들어갑니다 . 단자가 망가질것 같은 느낌적인 느낌에 저는 그냥 기존에 쓰던 케이블로 사용 하려고요 
전체적으로는 만족합니다 다음 핸드폰도 이런식으로 리퍼폰 구매해서 26000원짜리 알뜰폰 데이터무제한으로 쓰려고 생각중입니다 . 다들 고생하세요
","
명절 전에 택배 배송 마감에 마음 비우고 있다가 
연휴 전날 도착해서 배송은 연휴내내 못받았지만 
받고나서 너무 만족 했습니다. 
어머니 sk저가폰이라 늘 메모리 부족으로 카톡 사진도 못열어 보셔서 512g 로 바꿔 드렸는데 너무 좋아하시네요. 
제품 퀄도 신품과 다를바 없네요. 
다만 유심 핀이 없어서 책상을 다 엎어서 겨우 하나 찾아내 
교체 했습니다. 
영수증 다 같이 받았고 완전 믿음가는 판매자님 입니다. 
조만간 삐치신 아버지 폰도 바꿔 드릴 생각 입니다. 
또 주문 넣을께요~^^
","
걱정했는데 상태 매우 깨끗하고 잘쓰고있어요. 
투명케이스가 지문인식이 안되는거 말곤 잘쓰고 있어요, 액정에 필름이 대충붙어있길래 뭐지 했는데 아래 한장이 다붙어있네요. 그것도 모르고 강화유리 붙였는데 안붙더라구요 ㅎㅎ 어쩐지.. 잘쓸게요~
"
0,56,"
구매 후 만족하여 신경좀 써서 리뷰해본다. 먼저, 세 줄요약하면 다음과 같다. 1) 갤럭시 노트 8 / B등급 / SKT 선택약정 / 골드 신청했으나 S등급 SKT 용달블루 받음 2) 품질보증서에 감동했고 기타 사은품 센스에 또 감동 3) 무이지 22개월 할부인줄 알았는데 11번가놈들의 말장난에 12개월 할부였음 리뷰 순서 중고폰 구매 계기 제품 상태 알게 된 점 맘에 든 점과 안든 점 중고폰 구매 계기 - 그냥 온가족할인, 뭔 말이 더 필요한가.. 계산기 두들겨봐도 중고폰이 답이지.. 제품 상태 다른 사람들 리뷰나 Q&A 대충보니까 각자 받는 구성품이 약간 틀린가보다. 일단 나는 제품+보증서에 추가 사은품으로 어댑터, C타입케이블, 케이스, 필름 이것만 왔다. 누군 젠더를 4개씩 주던데 사실 뭐... 사은품 보고 구매한건 아니라 체감이 없다. 특히 필름은 이 제품이 엣지형이다보니 반쪽짜리 필름을 줘서 그냥 버림.. 그래서 다X소 가서 풀커버필름을 샀으나.. 그리고 개인적으로 사은 케이스가 단순 실리콘이 아니라 스댕재질의 용달블루 케이스였음 색깔이 괜찮았음 어쨌든 감동포인트의 시작은 이것 B등급인데 아무 표시가 안되있어서 이게 뭔가 했다. 근데 실제로 아무 기스가 없었다. 근데 B등급이다. 완전 깔끔 그래서 기스도 없길래 내가 다X소 가서 2천원짜리 필름 사다가 붙여 기포좀 만들어줬다 그래서 지금은 필름덕분에 기포투성이 ㅋㅋㅋㅋㅋ 3. 알게된점 지인이 최초통화일 한번 확인해보라고 그거 기준으로 1년미만이면 배터리 무상 교환 가능하다고 했는데 조회해서 보니까 18년 6월.. 그렇다면 전주인은 대체.. 4. 맘에 든점과 안든점 맘에 든점은 마지막 멘트, 최대한 맞춰서 신경써준게 결과적으로 보여서 좋았음 맘에 안든점은 11번가 고객센터 인데, 해당 상품은 무이자 22개월 할부 가능하다고 이미지 만들어 놨는데 이게 상세조건을 보면 재밌음. 22개할 무이자 할부가 알고보면 이미지에 써놓은 8대 카드사도 아니고 특정 카드사의 할부조건금액도 100만원이상인데 이 핸드폰 한개가 100만원이 넘는게 없고 이 조건을 충족하려면 3대 이상을 구매해야함. 업자도 아니고 이게 가능은 함? 더군다나 현재 상품 페이지는 모바일버전과 피씨버전으로 나뉘는데 이러한 중요점에 대한 안내배너나 유의사항은 모바일버전에 명시되어있지 않음.(카드사 할인쿠폰은 버튼만 눌러도 쿠폰받는 페이지로 넘어가는 반면에 할부 관련 안내 페이지는 링크조차 없음) 가뜩이나 행사가 주말인 십일절에 했으면서 해당 고객센터측에서는 확인중이라며 일주일 지나도록 연락없음. 그래서 결국 제품상태 좋아서 구매확정했지만 다음부턴 11번가놈들에게 당해지 않으려면 쿠폰이나 할인, 할부에 대해서는 다시 꼼꼼히 스스로가 확인해야함(결론 모바일버전과 피씨버전의 상품설명이 상이할 수 있으면 그 탓은 고객탓임) #응원댓글# 착한 갓성B 인정합니다. Best!
","
우선 리뷰를봤을때 좋다/나쁘다 반반이더라구요 
그리구 노트9 를 구매한사람의 리뷰가 하나도없더군요 
대부분 갤럭시S8 을 구매하신분들이 많았어요 
[안좋은 예 의 리뷰] 
보호필름파손문제/사은품누락문제/이래서중고폰이라는식.. 
2017년도에쓰던제품이다/오래된폰이였다..등등 
[좋은 예 의 리뷰] 
A급주문했는데 S급이왔다/ B급주문했는데 S급이라해도될정도 
잔기스하나도없다/S급주문했는데 새거라고해도될정도다..등등 
10페이지가량 넘겨보며 읽다가..노트9 구매자는없어서..포기.. 
 
[제 주문사항] 
*갤럭시 노트9 / *통신사LG / *색상 오션블루만부탁 / 
*새거같은S급 / *블랙,오렌지색 사절ㅜ 
*늦어도 상관없으니 신경써서보내달라고 간곡히부탁드림 
 
일단 저는 기계치임..중고폰이든 공기계든 사용해본적이 
단한번도없어요.. (살때좋은거사서 오래쓰자주의임) 
폰이 완전히 운명하셔서 못쓰게되지않는이상 불편해도 
그냥 쓰는편이예요 
[참고로 노트3을 나오자마자 예약구매해 여지껏 쓰고있는1인 ] 
일단 너무느리구 렉도잘걸리구 요즘나오는 무선충전기사용못함 
보통갤럭시S5 이상 이여야 다운로드되 는것도있고 호환이 
안되는불편함이많았지만..그래도 그냥 쓰는편이였어요~ 
 
갤럭시 노트9 오션블루색상을 너무 가지고싶었습니다... 
노란색펜이 너무매력적인데다~오래쓸꺼니깐.... 
배송조금늦어도 상관없으니 오션블루색상 보내달라구 
간곡히 부탁을 드렸는데...??? 
퍼플색상이왔더군요...(속상!속상!)T^T 
A급을 선택해도 S급 정도의 폰이도착하거나.. 
특S급들의 상품들이 도착했다는 리뷰를 봤지만... 
랜덤 복불복이더라구요... 
그래서 돈을더 주고라도 새거같은S급을 주문했던거구 
늦어도상관없다고부탁드린건 오션블루색상을 받고싶어서였어요 
 
그부분이 너무나 넘나 속상해서 별하나 빼버리고싶었으나... 
폰상태는 정말 새거라고 해도 믿을만큼 특S급이 왔더라구요 
사은품도 
고속무선충전기1개와 액정필름과 폰커버와 텀블러까지 
잘도착했어요 
무선충전기 사진에보이시는것처럼 박스에 우드색상이길래 
와~~센스있으시다~~~오지고~~지리고~~렛잇고~~~ 
너무좋아서 열어봤더니 왠열~~화이트색상임!!ㅋㅋㅋㅋT^T 
 
가격더주고 몇일기다린거에 비해 색상이 원하는게 아닌 
랜덤발송으로 퍼플이배송된점 빼곤 
폰상태에 대해서 아주 만족합니다 
 
기계치인 저에게 난관봉착... 
USIM.. ..ㅜㅜ 
노트3은 마이크로USIM칩 
노트9는 나노USIM칩 
착한텔레콤 고객센터에 문의했더니 컷팅해서 쓰면 
된다고하더라구요~ 
인터넷을뒤져서 도안을 그리고 잘라서.. 
나노size로 만들어서 끼우고~ 전원을키는순간~~~~~~!!! 
된다아~~~~~¡(●◇●)/ 
기계치인 저도 해냈음 ㅎㅎㅎ(완전 자아도취ㅋㅋㅋㅋ) 
무선충전이 이렇게편할줄이야~~~T^T 
usb 5핀충전쓸땐 2달을못가서 선망가져버린 것만 
여러개였는데... 완전 감동쓰나미입니다... 
(세상 신세계 경험한 사람마냥...신났음ㅋㅋㅋㅋㅋ) 
 
P.S-> 착한텔레콤 사장님께♡ 
 제가 또 테스트주문 해볼껍니다ㅎㅎㅎㅎ 
 그땐 꼭 원하는 색상 보내주세요~~ 
 (블루오션색상 미리 구해놓으시길 간곡히부탁드림요)
","
#응원댓글 
늦은 후기.드디어 올립니다 믿고사자 ' 착한 텔레콤 '? 
이전 기종 아이폰 7 플러스에서 액정이 박살나는.바람에 2년 약정 걸면서 다시 살순 없고... SKT 기종찾는데 아이폰XR 과 갤럭시S10 에서 고민중 가격도 괜찮고 중고라는 흠이잇엇지만 개통일자가 무려.. 2019.07.28..?아직 한달도 안된 제품을 받앗습니다... 원래 화이트를 원햇엇지만 안돼면 플라밍고 핑크라는게 새롭게 나왓다고해서 그거라도 재고들어오면 연락달라고 부탁드렷는데 세심하게하나하나 알려주시고 Q&A 엄청 빠르게왓엇습니다 하필 가는날이 장날이라고 폭우가 쏟아질때 택배가도착하는바람에 기대반 걱정반으로 택배받으러가니.. ?하나도안젖어잇어서 감사합니다 
제품리뷰는 제가 어느것하나 도움받은게.아니라 개인적인 사비로 삿다는거를 알려드립니다? 
？s？s이도 하나하나씩 감싸서 싸서 보내주셔서 감사드립니다! 
혹시라도 고민하고계시거나 아 안좋은폰아니야!? 라고하시는분들은... 생각접어두세요 ㅠㅠㅠ 완전 새폰에다가.. 검증까지테스트 마치고 오는폰입니다.. 저는 필름은.안왓지만 부탁드렸던 무선충전기가와서 편하게 사용하고잇습니다 ! 갤럭시는 처음 쓰는 제품이라 걱정햇는데 너무 편하고 용량도 128 이라서 완전 좋습니다! 착한텔레콤 흥하셨으면 좋겟구요 다들 그냥 지나치지마시구 지금 리뷰이벤트로 9월말에 리뷰 잘쓰신분들 갤럭시노트10 5G 드린다는.이벤트 (속닥속닥) 하니깐 많이 참여해서 핸드폰 받아가세요!^ㅡ^ 흥해라 착한텔레콤 ! 홈페이지 들어가서 가격보시면엄청 비쌉니다 특가 +핫딜이니 기회는 지금뿐~?
"
0,57,"
보호필름 필요없다고 말씀드렸는데 지문방지커버가 붙여져서 왔길래 떼보니 조그만 깊은 흠집 두개(닦을때 사그락 거리고 손톱이 갈려나갈정도) 
뒷면에 부착물흔적 
충전단자 주변 미세 스크래치 
심카드 구멍 사용흔적있네요(구멍이 다소 찌그러짐) 
sk선택안해서 kt로 왔는데 사용은 가능하네요 
코로나만 아니면 더 신중히 어머니 폰 장만했을텐데 
풀셋트라길래 시리얼번호적힌 상자에 담아줄줄 알았는데 
상자없고 그냥 따로따로에 단말기만 뽁뽁이 싸서 주셨구요. 가격대 보고 새제품급 이라고 생각하고 코로나때문에 급히 구매한 게 아쉽습니다. 구매확정 눌러달라고 문자 두번 하시길래 그냥 쓰고 구매확정 누릅니다
","
새거같은 리퍼폰이라길래 중고폰보다 좋을꺼란 맘으로 주문했습니다 수리한 내역서도 같이 보내주시고 당일배송해주셔서 폰도 다음날 바로 받아볼수 있어서 좋았어요 
다만 한가지 아쉬운점은 카메라 테두리부분에 찍힘이 너무 심하게 나있고 먼지 같이 껴가지고 한참을 닦았는데도 사이사이 안빠지더라구요 암튼 다 좋았지만 테두리찍힘이 심해서 눈에 바로 확 들어오는게 신경쓰이고 좀 별로네요
","
매우 만족입니다. 금액이 너무 비싸 첨으로 기기를 중고로 샀는데 왠걸 외관은 정말 유심히 봐야 기스나 찍힘이 보이긴 합니다. 그건 별 상관없고 터치 테스트 칼라 테스트 해봤는데 이상없고... 다만 뜯어보지 못하니 내부는 그건 몰긋네요. 믿어야겠죠? 나중에 배터리 교환 하러가면 알게되겠는데 현시점 배터리 구동력도 나쁘진 않네요. 
구매 추천해봅니다. 앞으론 중고도 대안지에 넣어야 겠네요.
"
0,58,"
이제와서 리뷰를 쓰게 될 줄은 몰랐네요.. 2월 말에 물건 주문해서 받고 유심인식이 안돼서 꽤 애를 먹었습니다. 기존에 쓰던 폰 액정이 나간 상태여서 마음이 급했고 받은 폰의 상태가 매우 좋았던 지라 더 그랬을지 모르겠네요 친구에서 받은 공기계에 테스트하면 유심 인식이 되는데 여기서 받은 폰은 안돼서 전화를 드렸고 상담하시는 분이 굉장히 친절하게 응대해 주셨어요.. 출고 전에 모든 테스트를 거쳤고 이상이 없기에 출고된 거라 하시면서도 2번이나 교환해 주셨습니다. 매우 감사하게 생각하고 있어요~ 그렇게 정상사용은 온라인주문 후대략보름정도 후에 가능했던 것 같네요 아무튼, 잘 응대해 주셔서 한 석달 문제없이 사용했습니다. 몇몇 화면에서 약간 누렇게(블루스크린 앱 띄워놓은 것처럼) 보이긴 했지만 다 그런 것도 아니고 조명에 따라 달리 보이기도 하니 문제라고 인식을 못 했어요 그런데 오늘 아침에 알람 울리는데 화면이 안 들어옵니다.. 그것도 별 일이겠냐.. 뭐지.. 하고 그냥 출근했네요 출근 길에 게임하고 있었는데 상태바 경계선에 하얗게 조명 띄운 것 처럼 선이 생기고 그 밑으로 화면이 떨립니다.. 멀미할 뻔 했어요.. 왜 이러지 싶어서 재부팅 했는데 화면 안 들어오더라구요..-_-.. 출근하자마자 급한 것만 해놓고 서비스센터 갔습니다. 마침 금요일이라 마음이 매우 급했죠.. 갔더니 내부액정 문제랍니다. 이러다 화면이 안 들어오게 된다면서 교체밖에 방법이 없다고 하시더라구요 비용이 어떻게 되냐 물었더니 199000원.. 그것도 액정반납 후 비용이었습니다. 지금까지 이십년가까이 핸드폰 쓰면서 액정이 깨진것도 직전폰 하나였고 수리도 딱히 해본 적 없었으니 휴대폰 보험 무슨 소용이냐 싶었는데 아니더군요 딱히 충격이 갈 만한 일을 한 적이 없고 어제까지 멀쩡했는데 갑자기 이렇다며 자기 전까지 멀쩡했는데 자고 일어나서 이럴 수가 있냐 했더니 기사님이 누적된 충격이 한번이 나타나서 그럴 수도 있다셔서 딱히 충격을 주지 않았다 설명드렸죠.. 그랬더니 들고다니면서도 충격이 누적될 수 있다시더라구요... 하... 돈이 없어서 중고폰 샀더니.. 하고 한숨쉬니까 기사님이 에고... 하시던데요..;;; 결국 액정 교체 하고 왔습니다. 외형은 굉장히 멀쩡 합니다만.. 구매하시는 분들 신중하게 생각하고 구매하세요 저처럼 생돈 들이지 마시고...
","
제일 당황했던건 택배박스에 휴대폰이라고 써있던것 
누가 보면 딱 ~ 훔쳐가기좋게 해주셨네요 ? 
이건 개선해주셔야 할 것같아요 요즘 택배분실도 많은데 
그리고 두번째 포장상태 
뽁뽁이로 잘 감싸서 주셨지만 전 그래도 박스엔 넣어서 
포장해주셨을지 알았는데 아니라 당황스 
그리고 휴대폰 상태 
리퍼폰 구매라 옆구리 액정은 깨끗했지만 
뒷판 지문인식 하는부분이 기스가 심하게 있더라구요 ? 
문의해보니 이게 최선의 상태라는데 
좀 그랬어요 차라리 테두리면 케이스 껴서 보이지라도 않지 
여튼 그냥 구렇네요 
배송은 리퍼폰치고 빨랐어요 ~
","
중고폰이다 보니 여러 제품을 고민고민하면서 구매하게 되었는데 90일 무상 AS 지원해 주는 곳은 이 곳이 유일했어요. 믿고 구매했는데 A+급이 아닌 S급으로 보내주셨네요. 배터리 상태도 좋고 번인,흠집없는 깨끗한 제품으로 잘 받았습니다. 왜 중고폰을 구매하냐는 얘기도 들었는데 물건 보고는 생각이 바뀌시더군요. 제품은 아주 만족스러웠습니다. 굳이 아쉬운 점을 꼽자면...... 같이 보내주신 구성품도 좋았는데 충전기가 없네요. 다른 거 보다 충전기를 챙겨주셨으면 어땠을까 싶었습니다. 추가로 유심교환 핀까지 챙겨주셨다면 더 좋았을거 같네요. 본품이 좋아서 위 내용은 사소한 아쉬움이네요.
"
0,59,"
핸펀으로 먹고사는직업인데 휴일에 사장님깨서 직접 가져다주시고 성능도 점멍거의 희박하고 외관 깨끗하고 아주 맘에 드네요 감사합니다. 쉬시는데 귀찮게 해서 죄송합니다.^^
","
64기가 시킨거같은데 지금보니까 250기가네요
","
전면 기스없고 후면도 자세히 봐야 기스 1~2개 정도? 만졌을때 못느끼는 기스라 없다고 봐도 될거같네요. 측면은 어쩔수 없이 기스가 좀 있는데 부서지거나 깨짐없는 상태라 좋습니다. 18년 5월 개통모델인데도 외관 양호, 번인현상 없네요. 잘 사용하겠습니다. 폰박스랑 사은품 박스랑 따로 오니까 참고하세요.
"
0,60,"
액정에 금이가서 수리받을까 새폰으로 바꿀까 중고폰으로 바꿀까 고민하다가 여러가지 비교끝에 노트9 중고로 결정했습니다. SKT본사 중고, 타사중고, 타사이트중고 등 여러업체를 비교해봤는데 박스 풀구성에 여러 사은품 끼워주는 곳도 있었지만 당연히 가격이 더 비쌌고요ㅋㅋ저는 이어폰 등 이전에 쓰던 박스 풀패키지가 안뜯은채로 몇개나 더 있기때문에 사실 불필요했습니다. 
단촐하지만 딱 정말 필수로 필요한 폰, 액정필름만 있었음좋겠다 할때 여기를 알게됐고요ㅎ 계속 타업체랑 이것저것 비교하는 와중에 아들램이 제 폰을 놓쳐서 액정이 박살이 났습니다 ㄷㄷ 덕분에 장고를 끝내고 바로 주문 들어갔습니다. 마음은 급한데 선택약정도 해야하고, 통신사도 기왕이면 기존에 쓰던데였음 하고.... 주말인데도 문의 바로 확인하시고 답주셔서 조금 편한 맘으로 기다렸고 바로 출고해주신 덕에 오늘 아침 일찍 폰 받았습니다. 
우선 앞뒤액정 확인했고 우레탄필름 씌우시고 마지막 전면 보호지 남겨주셔서 비닐뜯는 재미 좀 봤습니다. 다른 리퍼폰들 후기에 보면 전면은 괜찮은데 후면, 측면 찍힘이나 스크래치 얘기가 많아서 꼼꼼히 살폈는데 정말 잔기스 하나 없었고 측면은 사진처럼 비닐도 뜯지 않은 새프레임이었구요, 지문인식하는 곳에 작은 찍힘 하나 있었어요. 사용하는덴 무리 없습니다ㅎㅎ 
일처리 빠르고 친절해서 다음에 가족들 폰 바꾸게 돼면 또 이용예정입니다. 
 
ㅡㅡㅡㅡㅡㅡㅡㅡㅡㅡㅡㅡㅡㅡㅡㅡ 
약 한달정도 사용 후 리뷰 추가합니다. 
한달쯤 사용한 지금 시기에 소모품에 약간의 문제가 생겨서 처리 안 해주셔도 별수없다고 반정도는 자포자기한 상태로 문의글 남겼습니다.(혹 리뷰보고 악용하는 분이 있을까 싶어 자세히는 안 씁니다~) 
문의글 남기고 바로 연락왔고 너무 친절하고 확실하게 애프터 서비스까지 해주셔서 만족도가 이만퍼센트 상승했습니다!! 제가 어떻게 처리해야할지 약간 멘붕이 온 상태라 짜증도 좀 났고 ㅠㅠ...하지만 이미 구입시기로부터 다소 시간이 흐른 상태라 혼자 한숨만 쉬었는데 전화로 차분히 설명해주시고 해결해주셔서 정말 너무 감사합니다. 주변에 폰바꾼다하면 적극 추천하고싶은 마음이에요. 감사합니다~^^!
","
22일 상품을 받고 A/S가된다고 구매확정을 2일내로 부탁한다는 메모를 믿고 전원켜본후 스마트 스위치로 앱만 옮기고 구매확정을 했습니다.. 주중에 일이 바빠서 주말에 기존휴대폰에서 유심을 옮길려고 전원을 다시 켜보니 전원은 들어오는데 화면이 안들어와서 28일 업체 문의차 연락하니 받고 나서 바로 문제가 안된거니 보상처리 할수없다고 말하면서 본인들은 택배로 보내기전에 테스트 다했고 증거 사진도 있다는 말만 되풀이 하네요. 또한 B+이상품 구매하면 주시는 사은품으로 받은 블루투스 이어폰도 전원도 안들어오는 불량품을 주시네요. 업무용 폰에 약정 걸기 싫어서 중고폰을 5번 정도 구매해서 사용했는데 지금껏 이런경우는 처음이네요. 두번다시 이곳에선 안삽니다. 공짜로 준다고해도 안가집니다. 
사용하지도 않고 전원 켜보고 스위치로 앱 옮긴게 전부고 행여 앱이 문제가 된거면 지금 사용중인 업무용폰도 맛이 가야지 업무용폰은 오래되서 배터리 소모가 빨라서 이참에 조금 업글시킬려고 구매했다가 제대로 당한듯 하네요 
중고폰사서 서비스센터가서 문제된곳 수리할거면 누가 중고폰 삽니까? 유심꼽고 통화라도 한번 했으면 덜 억울하겠네요
","
아이폰 7 A급으로 구매했습니다. 
금요일 오전에 주문하고 다음날 토요일 1시에 받았네요. 
월요일에 받을수있을거라 생각했는데, 일찍 받아서 너무 좋았어요. 
 
포장은 뽁뽁이로 잘 감싸져서 안전하게 왔고, 
강화유리는 깔끔하게 붙여주셨고, 젤리케이스와 충전기 아답터와 라인이 함께 있었어요. 
 
폰 외관은 전체적으로 깨끗했고 뒷면에 아주 작은 기스가 있기는 하지만 크게 신경 안쓰는 스타일이라 괜찮을거 같네요. 
 
배터리성능이 궁금했는데, 소녀폰에서 문의했을때 80%이상인 제품만 출고된다는 답변을 받았는데, 실제 제뭄은 87%로 나와있었어요. 
 
미국 가서 쓰려고 구입했는데, 믿을 수있는 업체를 통해 좋은 제품을 받은거 같아서 좋네요. 
 
또 기회가 된다면 소녀폰에서 구매하려고 해요^^
"
0,68,,,
0,70,"
배송빠르고 제품 만족했습니다. 거기에 보조배터리까지 주셨네요.많이 파세요.
","
배터리 ...잘받았어요. 다음엔 꼭 확인부탁드립니다.
",
0,81,,,
0,84,"
현재V40사용중이구요 
당장필요해서 구매한건아니구요 V40도 나름쓸만합니다 
갤노트10플러스에 비할바는 아니지만 
가격이 저렴하지는 아니었지만 느낌상가격좋다고 생각하였구 사은품주신건 굳이 활용도가 낮기에 불필요한 사은품제외하구 가격을 좀더 낮추었으면 어땠을까 생각해봅니다 확실히 S급이라 그런지 관리상태가 양호하였습니다 폰박스에 뽁뽁이 말아서 보내주셨구다만 펜이 약간탈착상태로 제품이왔네요 2개구매했는데 두개다 약간탈착상태이유는 모르것네요 
이번에 갤노트10플러스로 바꾸면서 슈피겐 하이브리드케이스 나노플렉스 보호필름 카메라 보호 
강화유리 부가적으로 돈이나가네요 
필름은 꼭붙이셔야합니다 안그럼 액정에 실기스가 생깁니다 V40 사용하면서 강화유리제품사용하다가 이유없는 파손 터치문제점등으로 인해 필름없이 사용중이었는데 액정에 안경처럼 실기스가 생기더라구요 
V40은 막쓸예정이니 큰상관은없지만 갤노트10플러스는 그런걸 방지하기위해 완전무장완료했어요 
이번에 갤노트10플러스로 4개 구매하고싶었으나 
가격부담이크기에 담에 또 좋은딜이 있을때 구매하려구합니다~ 담에 또 좋은가격에 좋은 딜부탁드려요~ 
아우로 글로우 아우라 화이트 두가지 색상중에 고민했는데 역시 화이트 좋아하는 저로써는 화이트가 맘에드네요
","
현재V40사용중이구요 
당장필요해서 구매한건아니구요 V40도 나름쓸만합니다 
갤노트10플러스에 비할바는 아니지만 
가격이 저렴하지는 아니었지만 느낌상가격좋다고 생각하였구 사은품주신건 굳이 활용도가 낮기에 불필요한 사은품제외하구 가격을 좀더 낮추었으면 어땠을까 생각해봅니다 확실히 S급이라 그런지 관리상태가 양호하였습니다 폰박스에 뽁뽁이 말아서 보내주셨구다만 펜이 약간탈착상태로 제품이왔네요 2개구매했는데 두개다 약간탈착상태이유는 모르것네요 
이번에 갤노트10플러스로 바꾸면서 슈피겐 하이브리드케이스 나노플렉스 보호필름 카메라 보호 
강화유리 부가적으로 돈이나가네요 
필름은 꼭붙이셔야합니다 안그럼 액정에 실기스가 생깁니다 V40 사용하면서 강화유리제품사용하다가 이유없는 파손 터치문제점등으로 인해 필름없이 사용중이었는데 액정에 안경처럼 실기스가 생기더라구요 
V40은 막쓸예정이니 큰상관은없지만 갤노트10플러스는 그런걸 방지하기위해 완전무장완료했어요 
이번에 갤노트10플러스로 4개 구매하고싶었으나 
가격부담이크기에 담에 또 좋은딜이 있을때 구매하려구합니다~ 담에 또 좋은가격에 좋을 딜부탁드려요~
","
skt사용중인데 제가 원하던 색은 lg폰밖에 없었나봐요. 전화를 따로 주셨는데 업무중이라 전화를 받지 못해서 3분후에 전화를 드렸는데 이미 lg폰으로 택배 보냈다고ㅜㅜ 빠른 배송도 중요하지만 통화좀 해 주시지..하는 생각이 들었어요. 저는 색깔이 중요하지 않았거든요. 
아뭏든 배송은 빨랐고 특s인 만큼 외관은 새것처럼 깨끗했어요. 삼성서비스 센터에 중고폰쓰려고 한다고 들고갔더니 전체적으로 한번 봐주시더군요. 
다행히 배터리용량이 거의 100%남아있고 상태 양호하다더군요. 폰 품질은 좋습니다. 
아쉬운점은 폰보다 큰 상자에 뽁뽁이비닐에 담겨 사은품들 몇개 들어있고 헐겁게 채워져있어서 너무 중고느낌이었어요. 
새폰 사면 제 케이스에 담기고 정품충전기가 들어있는데 그런것만 보다가 처음으로 중고폰 받아보았더니 처음엔 그 상태가 조금 충격적이었어요. 
하지만 내용물은 깨끗하고 나름 무상수리 보증서까지 넣어주셔서 만족합니다.
"
0,85,"
글로우 색상을 구하지 못해 아쉽지만 
바로 전화주셔서 당일 발송가능한 색상안내해주신 점 고맙네요 
바로 다음날 오후2시쯤 받아보니 
ㅡ택배비착불은 직접 수금 또는 계좌이체ㅡ처리하니 편하구요 
아내의 핸드폰이 갑자기 충전이 안되면서 속을 태우게되서 
기왕 돈들일거 조금 더 보태서 최신폰 사자 
급히 알아보니 만만한 제품이 이거였네요 
가개통만 했던 제품인가봐요 
유플러스 전용흔적이 남아있더군요 
그외에 깨끗합니다 
번들이어폰이나 젠더 펜촉 등 언박싱할 때의 그 느낌은 없지만 
범용 충전기 
항균필름 
젤리 투명 케이스 
같이 넣어 주셔서 새제품 받는 느낌 좀 누렸네요 새미하게 ㅎ 
기기간 백업을 겨우 13%남은 상황에서 손에. 땀을 쥐며 
지켜보는데 와 미션임파서블 
극적으로 완료후이전 폰은 운명을ㅡㅡ그간 애썼다 
빠릿빠릿한 새제품이나 다름없는 신폰으로 
또 잘 애지중지 써봐야겠어요 
잘 쓸게요
","
특에스설명을 내가 잘못 이해한건지 모서리에 떡하니 찍어서 홈이 파져 있는데,, 블랙 주문하고 기다리는데 아우라 색상 깨끗하고 좋은 상품있다고 보내고서는 케이스 씌워보낸다길래보니 케이스는 없고 뭐그러려니하고보니 화면액정에 줄이가 잇고 교환신청하려다 혹시한번더보니 액정필름이 잘못붙어잇고,, 빨리보내주고싶은맘은알겟는데 상품확인은제대로해서보내줘야지요 그리고 통신사공용아닙니까? 유플러스모델인데.. 모서리에 홈파진건 비급밖에안되겟는데 반송귀찮으니까 나머지환불해주시죠? 
환불받고 마무리.
","
핸드폰 하루만에 출고되어 아주 잘받았습니다 우체국등기로 받았어요 포장도 잘되어있었구요 손선풍기 충전기 보증서 유심핀 미니거치대 함께 받았습니다 핸드폰 중고는 처음 사봐서 걱정이 많았는데 정말 저렴하게 잘산것같아요! 어쩜 스크래치가 하나도 없을수가 있나요 깜짝 놀랐습니다 상태가 너무 좋아요 다른곳은 이런 등급이면 중고라도 70이상 하더라구요ㅎ 사무실 앞이 삼성as센터라 가서 점검도 받았습니다 이상없고 배터리도 95% 라서 아주 좋은상태라고 합니다 앞으로 주변에 중고폰사는 사람있으면 추천할게요 저도 핸드폰 바꿀때 재구매하겠습니다 수고하세요!
"
0,86,"
걱정반 기대반 처음 중고폰 구매해봤습니다 
2년 약정 이런거 너무 지긋지긋하거든요.. 그리고 핸드폰을 백만 넘어가는 가격에 사는게 너무 아까웠습니다. 
 
중고폰 구매를 희망하셨다면 새로운 깨끗한 핸드폰을 사신다는 생각은 내려놓는게 좋을거 같습니다 복불복이구요 아무리 깨끗하게 쓴다해도 일부 생활 기스는 피할수 없을겁니다 
 
만족한부분 
1. 배송 빠르다 
2. 깔끔하게 쓰던유심 쓰던 요금제 그대로 사용하면된다 
3. 생활기스 조금 있었지만 30 40 퍼 가격으로 산것 
 
안타까운점 
1. 샹활기스 : 사각 모서리 부분에 케이스 벗겨낸다고 그런건지 기스가 보엿습니다 
그리고 사진에 보시다시피 후방 카메라 주위가 바닥에 쓸려서 인지 좀 갈려져있엇어요 
 
2. 개통일자는 2019년 5월 정도 더군요 약 일년 가량 쓴거 같고 베터리 성능은 다른분들 97퍼 정도 던데 전 90퍼 더군요 ㅠㅠ 쓰다가 한번 바꿔야 될듯요 
 
3. 그리고 이어폰 소켓 부분이나 스피커 틈새 먼지같은건 제가 닦앗습니다 
 
위 내용 빼고는 다 만족합니다 카메라 성능도 괜찮고 터치도 잘되구요 스피커도 빵빵하네요 
제가 폰한번 사면 5년정도 쓰는데 이미 1년 지난거니 앞으로 4년 정도 잘쓰겟네요 
뭐 이정도 퀄리티에 가격이면 나쁘지 않는거 같습니다 
다시한번 말씀드리지만 이폰들은 신상폰이 아니에요 다른누군가가 깨끗이 쓰다가 다른 주인을 만난겁니다 복불복이라 다들 차이가 잇겠지만 핸드폰 상태 어느정도 감안은하고 사시길 바랍니다 구매에 도움이되었으면 좋겠네요.
","
담달초 생일인 조카에게 선물하려고 주문했습니다. 일단 제품은 새부품 보호필름 붙어있는 리퍼가 맞는듯 합니다. 배터리는 속에 있으니 모르겠고, 액정과 테두리까지 교체된거네요. 제품 상태는 지문인식이 미세기스만 있고 본체는 흠집 하나도 없고 새제품과 흡사합니다. 다만, 한가지 미흡한건...22일 주문후 방문수령 신청하고 오늘 28일날 찾으러 방문했더니 주문한 색상이 없다더라구요. 배송주문 우선이라 다 보내서 없다고...다른 컬러로 딸랑 2개 남았더라구요 ㅋㅋㅋ 그럼 진작에 알려줬다면 그냥 배송으로 받지 힘들게 받으러 가겠냐구요...몇일날 가지러 갈꺼니까 잘 챙겨달라고 문의도 남겼고 알겠다고 답변도 남기셨으면서 판매자님 약간 실망이라 별한개 뺐습니다. 거기다 급하게 추가로 삼성 정품 액세서리 이것저것 풀셋트로 구해서 줬더니 새거같은 중고폰에 삼촌의 사은품도 푸짐하다고 맘에 들어하네요. 원했던 색상 바꾸느라 추가금도 들고 애먹었어요...그렇지만 백만원이 넘는 새폰에 비하면 반값밖에 안드니 위안 삼아야죠. 판매자님 담에 이런경우 있으면 미리 구매자와 상의하는 센스를 기르셨으면 합니다.
","
고민끝에 처음으로 인터넷으로 핸드폰 구매했는데 사고도 기분나쁘네요. 
배송은 느렸다쳐도 집에 사람있는지 한번 불러보지도 않고 오기전에 전화한통해보고 안 받았다고 마당에 2m~3m정도 던져버리고 가버리셨네요.개 짖는 소리에 창문 바로 열어보신 아버지가 그 장면을 보셨고요. 
퇴근하고 집 와서 택배기사님과 통화한 후 핸드폰 외관과 전원 켜지는지만 확인하고 내부문제는 확인할수 없기에 핸드폰 판매 업체에 문의 남겼습니다. 다음아침날 일 시작하면 전화못할것 같아서 먼저 전화하고 상황 말하니깐 배송 물류 옮길때는 다 이렇게 던지면서 옮긴다는 답변을 젤 먼저 들었네요. 그래서 유심장착후에 이상나타나면 교환해주실거냐고 문의하니 삼성서비스센터에서 던졌단 소리 말하지 말고 as받으라네요. 제가 던전것도 아닌데 왜 던졌단 소리 하면 안되냐고 하니 그럼 as가 안 된다고요. 제가 왜 그렇게까지 해야하냐고 말하니 그럼 다시 택배보내주면 업체에서 검사 후 다시 보내준답니다. 전 이렇게까지 하기 싫었기에 교환하거나 반품 후 제 주문하는것을 문의했는데 상담원 답변 또 던져지면 어떻하냐고 하시네요. 제가 그게 지금 할말이냐고 하니깐 또 던져질까봐 그러죠(전 빈정거리는 걸로 들렸습니다)라고 답변. 제가 빈정거리는 거냐고 이렇게 다시 보내는거면 거기서 배송업체에 주의를 줘야지 던져서 보내는게 정상적인거냐고 했더니 그때서야 죄송하다고 한마디 하시네요. 솔직히 상담사분때문에 더 화가 났습니다. 
핸드폰 반품처리 하고 다시 주문하기로 하고 전화끝났는데 전화다시와서 택배기사님이랑 통화했다고 거기서 잘못 인정했다고 하시면서 근데 다시 시킬때는 직장으로 시키면 안되냐고... 
전화 끊고 핸드폰 다시 주문하려고 하니 제가 사고 싶었던 색 딱 품절. 재수 드럽게도 없는 나 자신에게 실망하고 퇴근하면서 다시 보니깐 다시 품절임박으로 1개 있다고 뜨는데 어제부터 오늘까지 이것때문에 계속 신경쓰고 일하면서도 품절 다시 나왔나 확인한 이 상황이 싫어서 그냥 고장나도 내가 재수없는 아이라서 걸렸다 생각하고 쓰기로 했습니다(재고1개 또 무슨일 발생하면 진짜 감당 안될것 같기도 했고요) 
처음 주문하면서 설랬던 감정은 1도 안 남아있고 결국 핸드폰 쳐다보면서 짜증나는 감정만 남아있네요. 
아마 쫌 싸게 사려면 이런것쯤은 소비자가 감당 할 문제겠죠.
"
0,87,"
실버컬러 보내달라했는데 받아보니 회색 판매자께 전화하니 실버 컬러 자체가 없다고 공지사항에 글 올린대로 주문한거라하니 잘못 된거라고 구매후 게시판에 실버로 보내달라 당부 글도 남겼는데 답변글도 알았다고 해놓곤 막상 받아보니 회색 솔직히 컬러는 중요하지 않아요 단지 원했던 컬러를 받고싶어하는 구매자의 맘을 전혀 고려하지않은 판매만 하고 나면 끝? 반품 배송 왔다갔다 귀찮은거 잘아니 왠만해선 그냥 구매를 하니 판매자도 이걸 이용?하는건진 모르나 앞으론 없는 컬러는 공지사항에 올리지 마세요 잔뜩 기대하고 기다렸다 엉뚱한 컬러오면 기분 상당히 추잡스러우니 당장에 폰이 고장나 어쩔수없이 회색컬러 그냥 사용하는데 유심칩 새로사서 넣는데 에수케이 갔는데 어찌나 미안하던지 유심칩 새로 갈아끼우는데 전산망이 고장인가 엄청 오래걸려 나도 짜증나고 직원은 열받고 1시간은 있었던듯 물론 금방 끝날일이고 컴터 고장난 지들 잘못이지만 난 돈안되는거 대리점 갔다가 본의아니게 시간 잡아먹은 진상 손님 되불고 유심칩 새로 끼우는데 돈들어가 충전기 없는 상품이라 충전기사고 데이터 케이블 선 사고 따로 돈들어가는거 많아 싸게 산 느낌은 전혀 없고 평생을 에수께이만 사용하던 내가 폰은 엘지 유플러스 로고 겁나 뜨니 지워달라 대리점 직원에게 부탁하니 안된다고 짜증 그래도 어쩔수없으니 그려려니 하는데 원래 회색컬러는 좋아라하지만 폰만큼은 회색을 원치 않았으나 판매자님 어쨋든 전화잘받아주시고 응대하시는거 보니 사기꾼 같지않고 배송도 그럭저럭 괜찮았고 노트 8은 유명하니 고장만 안나고 4년 잘썼음 하네요 원래 폰 한번 사면 4년이상 폰이 나좀 살려주세요 할때까지 사용하는 스탈 폰에 돈 쓰는거 싫어함 예전 출고되자마자 100이상 준 폰 택시 두고내렸는데 찾지도 못하고 할부값 물어준거 그 충격이 대단해 그후 폰은 절대 비싼거 안사고 가격 떨어질때쯤 사거나 한번사면 생명줄끊어질때까지 쓰는 스탈로 바뀜 폰으로 인터넷하고 게임하고 영화보고 그런짓을 안하니 문자 통화 사진만 찍어서 3기능만 사용한다하니 주변에서 노트 8 사지말고 투지폰으로 알뜰폰 사라해서 꺼지라고했음 퀄리티 떨어지게,,,
","
다른곳보다 저렴히 판매하길래 바로 구매 했씁니다 노트 5쓰다가 갈아 탄건데 화면크기는 비슷한데 노트8이 더 기렴너서 굴곡져서 그런가 작아보이네요 아이콘들도 작아져서 폰이 더 작게만 느껴집니다 삼성스마트스위치로 모든정보 다옮기니 편리하고 유심 끼고 전화도 잘 됩니다 케이스나 필름 서비스는 없댔는데 본품에 기본으로 투명젤리케이스가 포함되어있고 필은 사야되더라구요 배송도 빠르게왔고 답변도 친절해서 만족합니다
","
중고폰 처음 구매해봅니다 포장,구성품,외관상태 진짜 대만족입니다 6개월쓴 제 노트8보다 훨씬 좋습니다 3사 호환되서 유심칩만 끼면 됩니다 대리점 갈 필요없이 한번에 해결되었습니다 택배도 진짜 빨리옵니다 어제 주문했는데 오늘 ？戮윱求？ 포장도 사진보시면 정말 깔꿈하게 필름 충전기까지 넣어서 보내줍니다 배터리도 오래가고 발열도 없고 정상인거 같습니다 정말 새제품인거 같아 마음에 듭니다 다음에 또 필요하면 착한텔레콤에서 구매할게요 감사합니다
"
0,88,"
안녕하세요. 이번에 본 게시물을 통해 상품을 구입한 이서영이라고 합니다. 리뷰 시작 전, 좋은 상품 보내주신 판매업체분들께 감사드린다는 인사를 드리고 시작하도록 하겠습니다. 상품은 박스에 견고하게 포장이 되어서 왔습니다. 어찌나 이 박스를 기다렸던지... 문의같은것 유심히 보신 분들은 아시겠지만, 구입 후 박스를 받는데 1주일 걸렸습니다. 긴 기다림이었죠... 이것에 대한것은 차후에 말씀드리기도 하고 박스를 개봉해 보았습니다. 박스가 없다는 것은 이미 알고 있으니 노란것은 택배 포장용 폴리캡 봉투겠네요 구성품은 이렇게 되어있습니다. 노란것이 노트 본체, 액정 보호필름, 투명 젤리 케이스, 호환용 충전기 가끔 그냥 알폰만 보내주시는 분들도 있던데 중고라는 것을 감안하더라도 튼실한 구성이 참으로 마음에 드는 부분이네요 깔끔합니다. 아주 기똥차요~ 완전 새폰을 받는 느낌이었습니다. 물론 새폰의 랩핑은 없습니다만 어떻게 이런 디테일링을 하여 보내주실 수 있는건지 하는 의문이... 전원을 켜보았습니다. 역시, 옛날 노트의 피터지는 스크린은 더이상 보이지 않네요. 물론 자세한것은 좀더 사용해 봐야 알겠습니다만, 이로서 아주 잘 구입한 것이라는 확신이 들었습니다. 감사합니다. 그럼, 이제 초반부에 말씀드렸던, 배송 문제에 대해 이야기를 해야 할 것 같은데요 사실 제가 이번 구입건에 느꼈던 유일한 단점인것 같습니다. 그러니 당당하시는 분께서 본 게시물을 보신다면, 그리고 본 게시물을 통해 제품을 구입하려 하신다면 감안하셔야 할 부분이라고 봅니다. 일단, 본 업체의 계약택배는 드림택배입니다. 황건적 택배로 유명한 옐로우캡과, 아몰랑 택배로 유명한 하나로 택배의 후예격인 택배업체이죠. 일단, 이부분은 지역별로 차이가 있다는 것을 감안하고 넘어간다고 치더라도, 제가 제품의 판매 진행상황에 대한 어떠한 설명도 듣지 못한채 1주일이 지나간 것은 문제가 있었다고 봅니다. 배송중이라고 뜨고 1주일이라뇨... 답답한 나머지, 어제 업체에 연락을 하니 다른 분들은 미리 전화 연락을 하셔서 협의를 한다... 아... 제가 잘못한 거군요... 배송 문제에 대해 판매자가 구매자에게 협조를 구하는 것이 아니라 구매자가 판매자에 협조를 구해야 하는 거군요... 라는 생각을 하였습니다. 어제 말이죠. 일단, 어제 연락후 바로 조치가 되어 오늘 제품을 받아보았으니... 이렇게 마무리를 하도록 하여야겠죠... 하지만 부디 다음엔, 재고건에 대하여 구매자분과 상의하여 일방적인 기다림이 발생하지 않도록 유념해 주시기 바랍니다. 부탁드리겠습니다. 이상 블루 LGT를 주문했지만 결국 블랙 LGT를 받게된 이서영이었습니다.
","
최고에요!!! 
금요일에 주문했는데 바로 다음날인 토요일 오전에 도착!! 
맨날 블랙,화이트 만 추구하다가 코랄블루에 혹해서 구매했는데 
색감 너무 이쁘고 s급 상품 답게 찍힘 잔기스 생활기스 전혀 아무것도 없는 새상품급!! 포장도 너무 깔끔하게 잘 해주셔서 감사했어요 
다만 충전기가 너무 저급이에요ㅠㅠ 충전기 발열이 심한것 빼고는 
동봉해주신 케이스와 필름도 감사했습니다. 
타 사이트에서 별도로 주문했던 케이스랑 필름이 배송이 늦어져서 불안했는데 덕분에 이상없이 잘 썼네요 감사합니다!
","
문자로 재고확인후 
오전11시 정도 구매했습니다 
구매후 바로 택배 보내주시고 
다음날 정오쯤 받았네요 
원했던 색상과 통신사로 잘받았구용 
박스 그대로인데 씰만 칼로 예쁘게 개봉했네요 
와이프 생일선물로 좋은제품감사했구요 
적극추천합니다
"
0,89,,,
0,90,"
목요일 저녁에 주문하고 토요일 수령 
엄청 빨리 받았네요 ㅎㅎ 
usb꽂는 곳과 위쪽 모서리 살짝 찍힌거 빼면 외관도 굉장히 깨끗합니다 A급이니까 충분히 만족스런 상태구요 부탁드린대로 skt단말로 보내주셨어요 감사합니당! 
배터리 교체로 주문했는데 오늘 받자마자 센터가서 점검 겸 확인해보니 어제 날짜로 교체해주신데다 공장초기화도 된 상태였구 다른 성능들도 모두 양호하다고 나와서 기분이 더 좋습니다 
정품맞으니 구매하시는 분들도 다 안심하셔도 될거같구요 대만족입니다 감사해요~
","
폰은 a급인데도 그냥 새폰이에요 원하는 통신사를 적었는데 직접 전화까지 주셔서 일일이 물어봐주시고 원하는색상으로 보내주셨네요 색깔은 완전 취향저격이에요 빠른배송 그것도 믿음가는 우체국택배예요^^역시 리뷰가 많을수밖에 없는 판매자님이셔요ㅎ 쓰던 통신사라서 유심만 끼우니 바로 통화도 되네요 또 폰살때 재구매의사 적극 있습니다! 감사합니다
","
뭐 배터리 교체 비용은 인터넷에서 
검색쫌 해보셨을꺼라 생각하고 영수증 올림ㅎㅎ 
오늘 서비스 센터가서 검사받고.. 아무래도 
배터리는 갈아야 했기에ㅋㅋㅋ 
모든 이상 없답니다!!!! B급이긴하지만 케이스끼니 
티도 안남!!! 저는 서비스센터가 집근처 버스로 몇정거장.. 이기때문에 다녀왔지만? 버스비랑.. 
대기시간ㅋㅋ뭐 그런거 생각하면 그냥 추가구매로 
배터리 교체하는게 더 좋을것같습니다ㅋㅋㅋ 
전 할일이 없어서 다녀오긴했는데.. 
다음번에 다시사고 주위에 권한다면.. 추가 교체 구매하라고.. 할꺼임ㅋㅋㅋ 구매에 도움되셨길 
 
꾹이 자꾸 눌리길래ㅋㅋ 현재 3월15일! 지금까지 
아주 잘쓰고 있어요ㅋㅋㅋ 충전단자가 쫌 헐렁해 
지긴했지만.. 뭐 그외엔 괜츈
"
0,95,,,
0,142,,,
0,149,,,
0,174,,,
0,177,"
제품잘받았습니다^^ 
6살아이가 사용할꺼라 흠집좀있어도 상관없다싶어 A급주문했는데 혹시나 액정이나 화면에 이상있는건 아닌가하고 문의했는데 이벤트에 당첨됐다는 소식이ㅎㅎ 제가 sk사용해서 sk요청했는데 sk로 보내주셨어요ㅎ (사실 지정하면 추가요금붙을수도있다는 꼭 sk아니라도 된다하긴했는뎁ㅋ) 액정이나 화면은 말할것도없이 깨끗하구요 완전 새제품와서 아이주려니 주고싶지않은...;;;;;; 혹시라도 흠집날까봐 조마조마ㅠ.ㅠ 
아이가 사용할꺼라 액정필름도 강화유리로 샀는데 폰에 필름이 붙어있더라구요 액정닦는건있는데 필름이 없어서 혹시 케이스랑 같이들었나 확인도했는데 없어서 빼먹었나했는데 필름붙이려니 붙어져있네요ㅋ 엄청 깔끔하고 깨끗해서 몰랐어요ㅋ 일반 액정필름은 붙이려면 욕나오고 짜증나는데 세심한 배려감사해용ㅎ 떼고싶지않아서 좀 쓰다가 필름바꿔줘야겠어요ㅋㅋㅋ 
근데 투명젤리케이스가 두꺼워서 너무 조으네요 어떤건 얇고 헐거워서 잘빠지던데 안빠져요ㅎㅎㅎ 
충전기도 USB아니고 아답터 충전기라 맘에들구요 아이가 폰들고있어서 충전기는 안꼽아봤지만 52프로 배터리로 2시간넘게 잘보고있네요...코로나때문에 집에만있으니 어린이집 숙제도 내주고해서 탭으로 보라하니 폰사달라고 난리라 지난번에 나름 가성비있는거라고10만대로 하나사줬는데 화면이 이상하더라구요ㅜ 담부턴 보고사야지 인터넷으론 폰사면 안되겠다했는데 후기도없고 저렴해서 고민하다가 속는셈치고 싼값에 구입했는데 지난번 산 폰 반값도안되는가격에 깨끗한 폰 받을줄은 몰랐네요ㅎ 딸려오는 부속품도 액정은 깨끗히 붙여주시고 케이스도 사려믄 돈인데 좋은거보내주시고 따로 박스는 없지만 뽁뽁이 돌돌 많이 말려와서 안전하게 도착했어요ㅎ 저렴한가격이라 기대도 안했는데 너무감사해요^^
","
상태는 좋습니다. 2019년 11 월 제품인데,,생체인식 기증은 없네요.ㅠㅠ 지문인식으로 모든걸 사용하는데... 
 
그런데 상품 온건 핸드폰 케이블,이어폰 만 왔어요. 
 
 
보호필름,,케이스도 준다고 상세 내용에 있는데,,그건 누락된거같아요~. 
 
확인부탁드립니다.
",
0,178,"
강추. 탁월한 선택이었습니다!! 
크기가 큰 폰을 싫어해 보급형중 고르다고른건데 아주 만족합니다. 
작동도 잘 되고 서비스로 필름과 케이스도 주시고 강추입니다!!
","
가격 배송 상품 모두 만족합니다 성능도 좋고 다음주에 하나 더 구매 예정입니다 세컨드폰으로 아주 굿입니다
",
0,179,"
블랙블루가 없어서 기다렸다가 샀어요. 
색상도 맘에 들고 사은품으로 보내 주신 젤리케이스도 좋아요. 
투명이라서 기본디자인을 살릴수있고 유심칩커터도 잘 썼어요. 
여러가지로 만족한 구매라 후기 남겨요. 
번창하세요~
",,
0,196,"
여러 사이트에서 비교해서 제일 저렴한 가격에 잘 구매한거 같아요 상품받아보니까 새폰이고 사은품으로 강화유리필름2장과 투명케이스 왔는데 투명케이스는 뒤에 카메라부분쪽이 찢어져서 사용은 못하겠네요 배송은 출고가 조금 느려져서 3일정도 걸렸고요 상품은 아주 만족합니다
","
핸펀 자체는 문제가 없는데.. 판매자측은 너무 아쉽네요. 
주문전 통화해서 재고 확인했더니 화이트만 가능하다고 함. 
블랙으로 선택후 요청사항에 화이트로 보내달라고 적으라고 해서 그렇게 주문함. 
판매자측 주소기재 실수로 엉뚱한곳으로 배송됨. 
다시 통화해서 주소확인과 주문상품 색상확인함. 
이때도 화이트로 보내준다고 했었음. 
상품 받아보니.. 블랙으로 옴. 
주문하고 핸펀 받기까지 일주일 걸렸음. 
일단 급해서 그냥 쓰기는 합니다만... 전화통화까지 해가며 확인을 했음에도 계속되는 판매자측의 실수가 너무 아쉽네요.
","
리뷰가 없어서 걱정했는데 이틀만에 배송왔음. 전화주셔서 색깔만 변경함. 8월에 개통한 이력남아있고 배터리 충전은 며칠전에 아주 경미하게 한번 한 제품이었습니다. 그러나 비닐시트도 안뜯는 새제품입니다. 완전 만족해요
"
0,214,"
아내가 폰을 새로 살려고 알아보던중에 q51이 괜찮아 보인다고 해서 검색해보니 한단계 윗급인 q61이 더 좋아 보여서 구매했습니다.개통 이력이 있어 출고가보다 저렴하다고 해서 받아보니 생산일도 10월이고 완전 새제품이네요.아내가 보고 정말 맘에 들어 하네요.저렴한 유심 요금제 쓰는 사람한텐 딱이네요.
","
-어른들이 사용하기 좋은 용량 
-사용한 유심 꽂아주면됨 
-사장님 친절함 
-사진,연락처 내가 옮겨야하는 번거로움은 있음 
-대체로 다 만족함
","
합리적인 가격과 탄탄한 기본성능 1, 크기 아이콘도 크고, 화면도 커서 아주 마음에 듭니다. 2. 배터리 업무하면서 하루동안 폰을 써 봤는데 겨우 20% 소모되어 대용량 배터리 Good 입니다. 3. 속도 게임을 안해서 이정도면 충분하고 갤럭시 노트8 액정화면이 뿌옇게 보여 교체했는데 별 차이가 없네요 4. 용량 64GB 용량도 충분하지만 SD카드 128GB 추가 장착해서 여유가 있어 안심합니다. 5. 음질 깨끗하게 잘 들리고 상대방도 음질 좋다고 하네요, 아주 마음에 듭니다.
"
0,215,"
배송은 신청 다음날 받았습니다 
알뜰폰이라 유심 바꾸고 ""스마트스위치""통해서 기존폰에서 옮기니 
바탕화면의 앱위치까지 완전히 그대로 옮겨졌습니다 
아쉬운건 카톡의 이전내용과 사진들..ㅠ 
이전폰에서 안되던 기능들이 너무나 쉽게 실행되어 
정말 신납니다 
갤럭시끼리 가능한 메시지플러스 채팅은 카톡과 같이 
상대방이 메시지확인했는지 확인가능한 숫자""1""이 나옵니다 
알람까지 그대로 옮겨졌어요 
야외에서 잘 못 받아지던 공용 와이파이 들도 쉽게 연결됩니다 
기존 2개의 폰에서 나누어쓰던 앱들을 하나로 모아 사용하게 되어 좋네요. 
 

","
검정색으로 주문했는데 양해를 구하는 메모와 함께 흰색으로 보내주셨습니다. 뭐 그것 까지는 좋은데 메모장에는 분명 KT전용이라고 하셨는데 LG유플러스 전용이네요... 솔직히 색상은 크게 상관 없어서 괜찮은데 알뜰 통신사를 KT를 써서 메모 보고 좋다 말았네요... 혹시 일부러 그러신 건 아니죠? 그리고 상태는 대체적으로 양호한데 측면 유심트레이 바로 오른쪽에 손에 만져지는 스크래치가 하나 있습니다. 물론 눈에는 잘 띄지 않습니다.
","
유심칩끼워서 사용하려고 검색해보다 갤럭시A31로 샀어요 64GB에 디자인 심플하네요 게임을 안해서 그런지 용량은 아주 충분하고요. 보호필름 붙여서 보내주셨네요 감사합니다. 몰라서 별도로 여기서 3,000원주고 옵션으로 구매했더니 2장이나 왔네요 ㅎㅎ 언젠간 쓰겠죠 우선 보관하는걸로...판매자님 상냥한 전화응대 감사했어요
"
0,216,"
배송이 조금늦긴했지만 상태 이상없는거같아 다행이네요 
기본 케이스 필름 다 있구 써봐야 성능은 알겠죠. 
정말 급한분은 직접 대리점서 하는게 좋구 그게아닌분이라면 기다리면 받을 수 있어요. 
요청한 통신사로와서 너무 좋습니다.
","
넘 감사해요~ 그립감도 좋고 가격대비 성능짱~ 속도 짱 입니다. 기계치인데 어려움 없이 사용가능 하구요 저렴하게 구입했습니다. 번창하셔요~
","
반응속도 빠르고 엄마폰 망가져서 급 구매하게되었어요! 
좋네요
"
0,217,"
어머니 핸드폰 바꿔드렸어요 
개봉만 되어있는 새제품 국내판 입니다ㅎㅎ 
가격도저렴하고 만족스러워요 
알뜰요금제 그대로 쓸건데 경제적이네요~ 
다만 기기특성상 방수기능은 안된다는거 참고해주세요
","
요즘 폰 가격이 상당한 시대에 항상 저도 보급형을 계속 봐왔지만 이번만큼 알찬 보급형 핸드폰은 거진 처음 보는 것 같아요. 
하이엔드 제품 사용하면 좋겠지만 이번 갤럭시A71은 정말 괜찮게 나왔네요. 화면 크기, 배터리 용량, 메모리, 저장 용량, 외장 메모리 1TB지원등 보급형에서 부족했던 부분들이 다 들어간 제품이라고 보네요. 방진 방수 기능은 없지만 지금 까지 20년 쓰면서 그런 악조건에서 쓴적이 없어서 딱히 이번에는 따지지 않았고 엣지 디스플레이는 잘 파손이 되는데 다행이 갤럭시a71은 아니라서 너무 좋습니다. 거기다 카메라 기능도 나쁘지 않고 충전도 초고속 충전이고요. 무선은... 전에 있던 폰들이 무선충전 되었지만 쓰지 않게 되더라고요^^; 
그리고 색상이 너무 너무 예쁘네요^^ 
다른 분들은 모르겠지만 저에게는 딱 맞는 폰이고 가격 할인도 많이 되어서 40만원대에 이런제품을 사게 되어 좋고 사전예약해서 버즈도 받고 만족합니다~^^
","
정보 전달이 신속하지 않고 불편하네요. 
이벤트 관련 문의에 ""이벤트 전담 업체가 있어 우리는 잘 모른다. (이벤트 담당 업체 번호 알려주며) 연락해보시라."" 
기기 액정필름 부착 여부 문의에는 ""기기가 사전 예약이라 알 수 없다. (제품생산 업체 번호 알려주며) 따로 문의해보시라."" 
통신사 요금제 변경 관련 문의에는 ""그건 7/1이후 통신사에 연락하여 문의해보시라. 될 수도 있고, 안 될 수도 있다."" 
... 
성격급한 한국 사람 답답해 죽는 줄 알았습니다. 
사실 직접 사러가면 더 저렴하고 일처리도 빨라 편한 것 같네요. 
아무 문제 없다던 개통도 4시간반 넘게 걸렸어요. 
금요일임에도 개통문의가 많아 지연됐다더라구요. 코로나 때문인지 뭔지 skt 일처리도 느린 것 같아요. 
... 
그리고 충전 젠더가 불편하게 되어있어요. 휴대전화 파일을 클라우드 통해서만 옮기라는 뜻인가요? ..이어폰도 보급형이라 그런지 AKG아니고 이상한 노이즈가 들릴 것만 같은 모양새네요. 
... 
휴대전화 자체는 방수, 방진 안되는 것과 배터리 소모 방지(?) 프로그램이 좀 저가형인 것 제외하고는 가성비 좋아요. 제품 자체는 마음에 들지만 11번가를 통해 구입하는 건 고민해봐야 할 것 같네요.
"
0,218,"
기변이라 개통도 어려울것 없네요 
사은품들도 잘 받았습니다. 
커스텀스킨은 작네요.. 
케이스 안 낄수 없을듯.. 
젤리케이스 기본으로 제공되긴하지만.. 
액정필름하고 케이스는 구매해야겠네요 
실물보고 구매한게 아니라 생각보다 그립감은 어색했지만..
","
이거 너무 편한거같아요 직접 집에까지오셔서 유심 다 끼워주시고 개통까지 엄청 편하게 했어요 휴대폰도 너무 이쁘고 좋아요 라벤더 색깔 짱임. 근데 왜 떡은 안 준거임?ㅋㅋ뭐 상관없다 개통 편하게하고 이쁜 휴대폰 만들었으니.
","
예상했던 터치오류 있네요.. 지금은 조금 나아지긴 했지만, 확실히 개선해야될 부분이라 느낍니다. 강화유리필름 사용안하고 삼성에서 지원하는 필름 부착해서 사용중입니다. 
무게감도 있네요. 여유 있으신 분들은 차라리 s20, +, 울트라 모델로 가시길.. FE는 확실히 보급형이 맞습니다.
"
0,219,"
렌즈가 돌출되고 무게감이 좀 있는것 제외 전반적 만족
","
S급 주문했는데 상태가 좋네요 
색상때문에 지연？瑩嗤？ 기다린보람이있네요 
잘쓰겠습니다
","
11번가 티공식에서 엄마것도 구매해봐서 처음이 아닌데 사전예약은 처음이었어요. 
사은품 없으면 사전예약 안하는게 훨씬 속편한것 같네요. 
 
사은품 신청기간은 다 되가는데 지연안내도 없이 아무소식이 없어서(연휴가 있었다해도) 게시글문의, 채팅상담, 전화상담 해서 겨우 들은 답변이 물량없어서 언제보낼지 모른다.일뿐... 
상담원분들도 내부 사항이 없으니 답답하셨겠지만 돈백주고 구매한 소비자는 198000원짜리 사은품 못받을까봐 진땀나고 똥줄타요. 
 
그리고 지연 답변 들은지 한시간 지나서 발송했다는 운송장 문자 받으니... 역시 항의하고 싫은 소릴해야 해주나.. 싶었어요. 
개통도 오프대리점처럼 바로 되지않고 서너시간 지나야 겨우되서 
이래저래 피곤했지만 제 기간 내에 보내주셔서 감사드립니다. 
 
폰은 만족합니다. 전에 쓰던게 엣지여서 간만에 플랫쓰니까 어색하고(갤노트만의 아이덴티티가 없는 느낌도) 케이스 가장자리가 도드라지게 만져지는게 신경쓰이는데 곧 익숙해지겠죠. 
무광 브론즈가 생각보다 더 예뻐서 마음에 들어요. 
개인적으로 울트라 카툭튀가 너무 못생겨서 20뒷면이 더 예쁘네요.
"
0,220,"
처음 노트20 결재 추석전 배송 가능한지 문의시 가능하다고 했으나 판매자분이 추석전 물품이 없어 배송이 힘들다고 하여 추석전 받기위해 
노트20울트라 원하는 색상 재고 있는지 확인 후 결재 했는데 결재 후 원하는 색상이 없다는 답변 
추석 이후에 가능 할것 갔다는 답변 그럼 할수 없이 추석 이후 
원하는 색상과 서비스 좀 챙겨 달라고 전달 후 판매자분 통화종료 
잠시후 판매자분이 다시 연락 주셔서 물건 입고 된다고 추석전 배송 가능하다고 하여 추석전 배송 완료 
서비스 살짝 기대했는데 없네요 ㅎㅎ 쬐금 서운 
핸드폰은 상태 좋네요 
기본 케이스 약간의 사용감 외 나머지 물품 깨끗하네요 
몇일 사용후 이상 없어 구매확정 합니다 
많이 파세요
","
빠르고 색상 이뻐요. 렌즈가 돌출되서 잘 깨진다해서 다른곳에서 렌즈 커버랑 케이스 모두 구매했네요.
","
새상품이고 성능도 너무 좋아요.
"
0,221,,,
0,239,"
너어무 좋아요 배송빠르고 포장도 잘되어있어요 
이정도 가격에 이 스펙이라니?? 
소름이 끼칠정도임 
사세요 또 사세요 
벨벳과 스펙차이도 없음 
하물며cpu는 스냅드래곤750G로 더 좋음 
카메라도 더 좋음 
ram만 6g로 벨벳8g보다 낮은데 6이면 충분함 
그외스펙동일하고 빠진건 방수.무선충전뿐임 
무조건 이거 사셈 흰색으로
","
가개통 제품이라고 해서 걱정했었는데 새제품이네요 ^^ 
각종 리뷰에서는 Q9제품평이 안좋다는 분들이 많던데. 그렇게 나쁜 제품은 아닌거 같아요. 음질도 좋고 화면도 괜찮고요. 색상도 잘뽑은거 같아 저는 맘에 듭니다. 
배송도 참 맘에 들고 빨리 와줘서 판매자분 택배기사님께 감사드립니다^^
","
요즘 휴대폰 느낌이예요. 화면비율. 펀치홀. 
보급기답지 않은 성능. lg가 휴대폰 사업 접는게 아쉬울 정도입니다. 레드색상 없어 화이트로 빨리 받았습니다. 출실 얼마안돼 굉장히 깨끗한 민트급 받았구요. 아쉬운건 kt향이라. 통신사향도 좀 선택가능하면 좋았을거 같네요. 
감사합니다.
"
0,244,"
가격대비 성능 좋은거 같아요 배송도 무지 빠르고 모든게 만족이네요
","
초등생아들 쓰던 핸폰 화면이 갑자기 망가져 공기계 사줬는데 좋네요
","
색깔이 없으면 사기전에 표시를 해주세요 헷갈리지 않게
"
0,245,"
아무리 중고 저가폰이라지만 메모리 용량이 어플 네개 다운 받으니 꽉 찬다고 나오네요 ㅜㅜ
",,
0,247,"
판매자분이랑 제가 생각하는 s급 다른가봐요.. 
제가 생각한 s급은 가개통 수준은 아니더라도 진짜 미세한 생활기스 정도 생각했는데.. 
 
와인색? 으로 왔고 접어지는 부분에 눈에 잘보이는 찍힘 1mm정도? 뒷판에 매우 많은 생활기스.. 
 
그외 전면부나 폴더 안쪽은 깨끗했습니다. 
 
당근마켓이나 중고나라.. 뽐뿌 장터에서 
가개통급도 12~14정도면 충분히 자주 보였는데.. 
 
빨리 구하고 싶어서 
s급 믿고 샀는데 조금은 실망이네요
","
헬로모바일 kt 유심으로 사용하는데 바로 인식하고 너무 문제없이 잘 되네요 속도도 좋고 새제품으로 만족합니다
","
폴더폰에 스크린에 터치도 되고 폰자판도 이용 가능하네요 
터치 처음 접하시는 우리 어머니 터치폰 감을 익히시는데 좋을 것 같아요
"
0,249,"
보급형인데....상향평준화 되는 부분이라... 액정이 lce 인것만 빼고...그래도 시야성은 좋은 제품이네요
",,
0,42,"
요즘 폰 가격이 상당한 시대에 항상 저도 보급형을 계속 봐왔지만 이번만큼 알찬 보급형 핸드폰은 거진 처음 보는 것 같아요. 
하이엔드 제품 사용하면 좋겠지만 이번 갤럭시A71은 정말 괜찮게 나왔네요. 화면 크기, 배터리 용량, 메모리, 저장 용량, 외장 메모리 1TB지원등 보급형에서 부족했던 부분들이 다 들어간 제품이라고 보네요. 방진 방수 기능은 없지만 지금 까지 20년 쓰면서 그런 악조건에서 쓴적이 없어서 딱히 이번에는 따지지 않았고 엣지 디스플레이는 잘 파손이 되는데 다행이 갤럭시a71은 아니라서 너무 좋습니다. 거기다 카메라 기능도 나쁘지 않고 충전도 초고속 충전이고요. 무선은... 전에 있던 폰들이 무선충전 되었지만 쓰지 않게 되더라고요^^; 
그리고 색상이 너무 너무 예쁘네요^^ 
다른 분들은 모르겠지만 저에게는 딱 맞는 폰이고 가격 할인도 많이 되어서 40만원대에 이런제품을 사게 되어 좋고 사전예약해서 버즈도 받고 만족합니다~^^
","
정보 전달이 신속하지 않고 불편하네요. 
이벤트 관련 문의에 ""이벤트 전담 업체가 있어 우리는 잘 모른다. (이벤트 담당 업체 번호 알려주며) 연락해보시라."" 
기기 액정필름 부착 여부 문의에는 ""기기가 사전 예약이라 알 수 없다. (제품생산 업체 번호 알려주며) 따로 문의해보시라."" 
통신사 요금제 변경 관련 문의에는 ""그건 7/1이후 통신사에 연락하여 문의해보시라. 될 수도 있고, 안 될 수도 있다."" 
... 
성격급한 한국 사람 답답해 죽는 줄 알았습니다. 
사실 직접 사러가면 더 저렴하고 일처리도 빨라 편한 것 같네요. 
아무 문제 없다던 개통도 4시간반 넘게 걸렸어요. 
금요일임에도 개통문의가 많아 지연됐다더라구요. 코로나 때문인지 뭔지 skt 일처리도 느린 것 같아요. 
... 
그리고 충전 젠더가 불편하게 되어있어요. 휴대전화 파일을 클라우드 통해서만 옮기라는 뜻인가요? ..이어폰도 보급형이라 그런지 AKG아니고 이상한 노이즈가 들릴 것만 같은 모양새네요. 
... 
휴대전화 자체는 방수, 방진 안되는 것과 배터리 소모 방지(?) 프로그램이 좀 저가형인 것 제외하고는 가성비 좋아요. 제품 자체는 마음에 들지만 11번가를 통해 구입하는 건 고민해봐야 할 것 같네요.
","
아빠가 쓰시던 노트5에서 퀀덤으로 교체해드렸는데 아빠 연세가 있으셔서 약간 걱정은 되네요. 카메라기능은 좋은편이고 유투브도 많이 보셔서 바꿔드렸는데 사용이 좀 어렵더라구요. 
물론 보안이 2중3중이라 좋긴한데 애 좀 먹었어요. 
스위치 사용해서 기존폰에서 퀀덤으로 옮기는데 100프로 한번에 옮겨지지 않아서 좀 어려움이 있었구요. 색상은 블루로 사드렸는데 a51이 훨씬 색이 잘 빠졌드라구요. 퀀덤도 핑크 있음 좋을거 같아요. 사전예약으로 샀는데 사은품을 어떻게 신청하는지 모르겠구요. 그래도사전예약으로 싸게 구매한편이라 좋네요.
"
0,103,,,
0,213,,,
0,222,,,
