,통신사,모델명,모델코드,가격
0,LG,갤럭시 A32 ,/ SM-A325N  ,"449,900원 "
0,LG,갤럭시 A42 5G ,/ SM-A426N  ,"449,900원 "
0,LG,갤럭시 A12 ,/ SM-A125N  ,"449,900원 "
0,LG,갤럭시 S21 울트라 (256GB),/ SM-G998N  ,"449,900원 "
0,LG,갤럭시 S21 울트라 (512GB),/ SM-G998N  ,"449,900원 "
0,LG,갤럭시S21 ,/ SM-G991  ,"449,900원 "
0,LG,갤럭시S21+ ,/ SM-G996  ,"449,900원 "
0,LG,갤럭시 S20 FE ,/ SM-G781N  ,"449,900원 "
0,LG,갤럭시 탭 A7 ,/ SM-T505N  ,"449,900원 "
0,LG,갤럭시 노트20 ,/ SM-N981N  ,"449,900원 "
0,LG,갤럭시 노트20 울트라 ,/ SM-N986N  ,"449,900원 "
0,LG,갤럭시 Z 폴드2 ,/ SM-F916N  ,"449,900원 "
0,LG,갤럭시 워치3 41mm ,/ SM-R855N  ,"449,900원 "
0,LG,갤럭시 워치3 45mm ,/ SM-R845N  ,"449,900원 "
0,LG,갤럭시 Z 플립 5G ,/ SM-F707N  ,"449,900원 "
0,LG,갤럭시 A21s ,/ SM-A217N  ,"449,900원 "
0,LG,갤럭시 S20+ BTS 에디션 ,/ SM-G986N  ,"449,900원 "
0,LG,갤럭시 A31 ,/ SM-A315N  ,"449,900원 "
0,LG,갤럭시 A51 ,/ SM-A516N  ,"449,900원 "
0,LG,갤럭시 S20 울트라 ,/ SM-G988N  ,"449,900원 "
0,LG,갤럭시 S20 ,/ SM-G981N  ,"449,900원 "
0,LG,갤럭시 S20+ ,/ SM-G986N  ,"449,900원 "
0,LG,갤럭시 Z 플립 ,/ SM-F700N  ,"449,900원 "
0,LG,갤럭시 A10e ,/ SM-A102N  ,"449,900원 "
0,LG,카카오 리플 프렌즈3 ,/ SM-A102N-KA  ,"449,900원 "
0,LG,갤럭시 워치 액티브2 ,/ SM-R835  ,"449,900원 "
0,LG,갤럭시 워치 액티브2 ,/ SM-R825  ,"449,900원 "
0,LG,갤럭시 폴드 ,/ SM-F907N  ,"449,900원 "
0,LG,갤럭시 A90 5G ,/ SM-A908N  ,"449,900원 "
0,LG,갤럭시 탭 S6 (128GB),/ SM-T865  ,"449,900원 "
0,LG,갤럭시 탭 S6 (256GB),/ SM-T865  ,"449,900원 "
0,LG,갤럭시 노트10 5G ,/ SM-N971N  ,"449,900원 "
0,LG,갤럭시 노트10+ 5G (256GB),/ SM-N976N  ,"449,900원 "
0,LG,갤럭시 노트10+ 5G (512GB),/ SM-N976N  ,"449,900원 "
0,LG,U+브라보라이프폰 ,/ SM-J415N-BR  ,"449,900원 "
0,LG,갤럭시 A50 ,/ SM-A505N  ,"449,900원 "
0,LG,갤럭시 탭 A 10.1 2019 ,/ SM-T515  ,"449,900원 "
0,LG,갤럭시 탭 S5e (64GB),/ SM-T725  ,"449,900원 "
0,LG,갤럭시 A30 ,/ SM-A305N  ,"449,900원 "
0,LG,갤럭시 S10 5G (256GB),/ SM-G977N  ,"449,900원 "
0,LG,갤럭시 S10 5G (512GB),/ SM-G977N  ,"449,900원 "
0,LG,갤럭시 S10e ,/ SM-G970N  ,"449,900원 "
0,LG,갤럭시 S10 (128GB),/ SM-G973N  ,"449,900원 "
0,LG,갤럭시 S10+ (128GB),/ SM-G975N  ,"449,900원 "
0,LG,갤럭시 S10 (512GB),/ SM-G973N  ,"449,900원 "
0,LG,갤럭시 S10+ (512GB),/ SM-G975N  ,"449,900원 "
0,LG,카카오 리틀프렌즈 폰2 ,/ SM-J415N-KA  ,"449,900원 "
0,LG,갤럭시 A9프로 ,/ SM-G887N  ,"449,900원 "
0,LG,갤럭시 A9 2018 ,/ SM-A920N  ,"449,900원 "
0,LG,갤럭시 A9 2018 자급제 ,/ SM-A920N  ,"449,900원 "
0,LG,갤럭시 J4+ ,/ SM-J415N  ,"449,900원 "
0,LG,갤럭시 A7 2018 ,/ SM-A750N  ,"449,900원 "
0,LG,갤럭시 워치 42mm ,/ SM-R815N  ,"449,900원 "
0,LG,갤럭시 워치 46mm ,/ SM-R805N  ,"449,900원 "
0,LG,갤럭시 워치 42mm ,/ SM-R815N  ,"449,900원 "
0,LG,갤럭시 워치 46mm ,/ SM-R805N  ,"449,900원 "
0,LG,갤럭시 노트9 (128GB),/ SM-N960N  ,"449,900원 "
0,LG,갤럭시 노트9 (512GB),/ SM-N960N  ,"449,900원 "
0,LG,갤럭시 탭 S4 (64GB),/ SM-T835  ,"449,900원 "
0,LG,갤럭시 탭 S4 (256GB),/ SM-T835  ,"449,900원 "
0,LG,갤럭시 J6 ,/ SM-J600L  ,"449,900원 "
0,LG,갤럭시 A6 2018 ,/ SM-A600L  ,"449,900원 "
0,LG,갤럭시 J2프로 ,/ SM-J250N  ,"449,900원 "
0,LG,갤럭시 S9 플러스 (64GB),/ SM-G965N  ,"449,900원 "
0,LG,갤럭시 S9 플러스 (256GB),/ SM-G965N  ,"449,900원 "
0,LG,갤럭시 S9 (64GB),/ SM-G960N  ,"449,900원 "
0,LG,갤럭시 온7 2018 ,/ SM-G611L  ,"449,900원 "
0,LG,갤럭시 A8 2018 (32GB),/ SM-A530L  ,"449,900원 "
0,LG,갤럭시 A8 2018 (32GB),/ SM-A530L  ,"449,900원 "
0,LG,갤럭시 노트8 (64GB),/ SM-N950L  ,"449,900원 "
0,LG,갤럭시 노트8 (256GB),/ SM-N950L  ,"449,900원 "
0,LG,갤럭시 J3 2017 ,/ SM-J330L  ,"449,900원 "
0,LG,갤럭시 J3 카카오 리틀프렌즈 폰 ,/ SM-J330L-KA  ,"449,900원 "
0,LG,갤럭시 노트FE ,/ SM-N935L  ,"449,900원 "
0,LG,갤럭시 J5 2017 ,/ SM-J530L  ,"449,900원 "
0,LG,갤럭시 폴더2 (16GB),/ SM-G160N  ,"449,900원 "
0,LG,갤럭시 폴더2 (32GB),/ SM-G160N  ,"449,900원 "
0,LG,갤럭시 북1 0.6LTE ,/ SM-W627  ,"449,900원 "
0,LG,갤럭시 탭 E 블랙 ,/ SM-T378L  ,"449,900원 "
0,LG,갤럭시 탭 S3 ,/ SM-T825  ,"449,900원 "
0,LG,갤럭시 S8+ (128GB),/ SM-G955N  ,"449,900원 "
0,LG,갤럭시 S8 ,/ SM-G950N  ,"449,900원 "
0,LG,갤럭시 S8+ (64GB),/ SM-G955N  ,"449,900원 "
0,LG,기어S3 클래식 LTE ,/ SM-R775L  ,"449,900원 "
0,LG,갤럭시 A5 2017 ,/ SM-A520L  ,"449,900원 "
0,LG,갤럭시 S7 엣지 (128GB),/ SM-G935L  ,"449,900원 "
0,LG,갤럭시 온 7 2016 ,/ SM-G610L  ,"449,900원 "
0,LG,기어S3 프론티어 LTE ,/ SM-R765L  ,"449,900원 "
0,LG,갤럭시 J3 2016 ,/ SM-J320N0  ,"449,900원 "
0,LG,갤럭시 J5 2016 ,/ SM-J510L  ,"449,900원 "
0,LG,갤럭시 S7 (32GB),/ SM-G930L  ,"449,900원 "
0,LG,갤럭시 S7 (64GB),/ SM-G930L  ,"449,900원 "
0,LG,갤럭시 S7 엣지 (32GB),/ SM-G935L  ,"449,900원 "
0,LG,갤럭시 S7 엣지 (64GB),/ SM-G935L  ,"449,900원 "
0,LG,갤럭시 A3 2016 ,/ SM-A310N0  ,"449,900원 "
0,LG,갤럭시 A3 2016 ,/ SM-A310N0  ,"449,900원 "
0,LG,갤럭시 탭 E ,/ SM-T375L  ,"449,900원 "
0,LG,갤럭시 A5 2016 ,/ SM-A510L  ,"449,900원 "
0,LG,갤럭시 A7 2016 ,/ SM-A710L  ,"449,900원 "
0,LG,갤럭시 A9 ,/ SM-A9000  ,"449,900원 "
0,LG,갤럭시 S6 엣지플러스 (32GB),/ SM-G928L  ,"449,900원 "
0,LG,갤럭시 노트5 (32GB),/ SM-N920L  ,"449,900원 "
0,LG,갤럭시 노트5 (64GB),/ SM-N920L  ,"449,900원 "
0,LG,갤럭시 폴더 ,/ SM-G150NSL  ,"449,900원 "
0,LG,갤럭시 폴더 ,/ SM-G150NL  ,"449,900원 "
0,LG,갤럭시센스 ,/ SM-J500N0  ,"449,900원 "
0,LG,갤럭시 탭 A S Pen ,/ SM-P555L  ,"449,900원 "
0,LG,갤럭시 S6 (32GB),/ SM-G920L  ,"449,900원 "
0,LG,갤럭시 S6 (64GB),/ SM-G920L  ,"449,900원 "
0,LG,갤럭시 S6 엣지 (32GB),/ SM-G925L  ,"449,900원 "
0,LG,갤럭시 S6 엣지 (64GB),/ SM-G925L  ,"449,900원 "
0,LG,갤럭시 S6 엣지 (128GB),/ SM-G925L  ,"449,900원 "
0,LG,갤럭시 S6 (128GB),/ SM-G920L  ,"449,900원 "
0,LG,갤럭시 그랜드 맥스 ,/ SM-G720L  ,"449,900원 "
0,LG,갤럭시 A7 ,/ SM-A700L  ,"449,900원 "
0,LG,갤럭시 노트 4S-LTE ,/ SM-N916L  ,"449,900원 "
0,LG,갤럭시 탭 S 10.5 ,/ SM-T805L  ,"449,900원 "
0,LG,갤럭시 노트 엣지 (32GB),/ SM-N915L  ,"449,900원 "
0,LG,갤럭시 노트 엣지 (64GB),/ SM-N915L  ,"449,900원 "
0,LG,갤럭시 알파 ,/ SM-G850L  ,"449,900원 "
0,LG,갤럭시 S5 광대역 LTE-A ,/ SM-G906L  ,"449,900원 "
0,LG,갤럭시 탭 S 10.5 ,/ SM-T800  ,"449,900원 "
0,LG,갤럭시 탭4 8.0 ,/ SM-T335L  ,"449,900원 "
0,LG,삼성 마스터폰 (LG U+ 2G) ,/ SM-B510LL  ,"449,900원 "
0,LG,갤럭시 줌2 ,/ SM-C115L  ,"449,900원 "
0,LG,갤럭시 S5 ,/ SM-G900L  ,"449,900원 "
0,LG,갤럭시 그랜드2 ,/ SM-G710L  ,"449,900원 "
0,LG,갤럭시 노트3 네오 ,/ SM-N750L  ,"449,900원 "
0,LG,갤럭시 S4 LTE-A (16GB),/ SHV-E330L  ,"449,900원 "
0,LG,갤럭시 윈 ,/ SHV-E500L  ,"449,900원 "
0,LG,갤럭시 노트 10.1 2014 ,/ SM-P605L  ,"449,900원 "
0,LG,갤럭시 S4 줌 ,/ SM-C105L  ,"449,900원 "
0,LG,갤럭시 노트3 (16GB),/ SM-N900L  ,"449,900원 "
0,LG,갤럭시 메가 6.3 ,/ SHV-E310L  ,"449,900원 "
0,LG,갤럭시 S4 LTE-A (32GB),/ SHV-E330L  ,"449,900원 "
0,LG,갤럭시 S4 ,/ SHV-E300L  ,"449,900원 "
0,LG,갤럭시 노트2 (32GB),/ SHV-E250L  ,"449,900원 "
0,LG,갤럭시 노트2 (64GB),/ SHV-E250L  ,"449,900원 "
0,LG,갤럭시 탭 S7 (128GB),/ SM-T876  ,"449,900원 "
0,LG,갤럭시 노트 4 ,/ SM-N910L  ,"449,900원 "
0,LG,갤럭시 탭 액티브 ,/ SM-T365F0  ,"449,900원 "
0,LG,갤럭시 탭A (2017) ,/ SM-T385L  ,"449,900원 "
0,LG,갤럭시 A5 ,/ SM-A500L  ,"449,900원 "
0,LG,갤럭시 뷰 ,/ SM-T677NL  ,"449,900원 "
0,LG,아이패드프로 12.9 (2021) 128GB (128GB),/ A2461  ,"1,562,000원 "
0,LG,아이패드프로 11 (2021) 512GB (512GB),/ A2459  ,"1,562,000원 "
0,LG,아이패드프로 12.9 (2021) 256GB (256GB),/ A2461  ,"1,562,000원 "
0,LG,아이패드프로 12.9 (2021) 512GB (512GB),/ A2461  ,"1,562,000원 "
0,LG,아이패드프로 11 (2021) 128GB (128GB),/ A2459  ,"1,562,000원 "
0,LG,아이패드프로 11 (2021) 256GB (256GB),/ A2459  ,"1,562,000원 "
0,LG,아이폰12 미니 (64GB),/ A2399  ,"1,562,000원 "
0,LG,아이폰12 미니 (128GB),/ A2399  ,"1,562,000원 "
0,LG,아이폰12 미니 (256GB),/ A2399  ,"1,562,000원 "
0,LG,아이폰12 프로 맥스 (128GB),/ A2411  ,"1,562,000원 "
0,LG,아이폰12 프로 맥스 (256GB),/ A2411  ,"1,562,000원 "
0,LG,아이폰12 프로 맥스 (512GB),/ A2411  ,"1,562,000원 "
0,LG,아이폰12 (64GB),/ A2403  ,"1,562,000원 "
0,LG,아이폰12 (128GB),/ A2403  ,"1,562,000원 "
0,LG,아이폰12 (256GB),/ A2403  ,"1,562,000원 "
0,LG,아이폰12 프로 (128GB),/ A2407  ,"1,562,000원 "
0,LG,아이폰12 프로 (256GB),/ A2407  ,"1,562,000원 "
0,LG,아이폰12 프로 (512GB),/ A2407  ,"1,562,000원 "
0,LG,아이폰SE (2020) (128GB),/ A2776  ,"1,562,000원 "
0,LG,아이폰SE (2020) (256GB),/ A2776  ,"1,562,000원 "
0,LG,아이폰SE (2020) (64GB),/ A2776  ,"1,562,000원 "
0,LG,아이패드프로 11 (2020) (128GB),/ A2230  ,"1,562,000원 "
0,LG,아이패드프로 11 (2020) (256GB),/ A2230  ,"1,562,000원 "
0,LG,아이패드프로 12.9 (2020) (128GB),/ A2232  ,"1,562,000원 "
0,LG,아이패드프로 11 (2020) (512GB),/ A2230  ,"1,562,000원 "
0,LG,아이패드프로 12.9 (2020) (256GB),/ A2232  ,"1,562,000원 "
0,LG,아이패드프로 12.9 (2020) (512GB),/ A2232  ,"1,562,000원 "
0,LG,아이패드 7세대 (2019) (32GB),/ A2198  ,"1,562,000원 "
0,LG,아이패드 7세대 (2019) (128GB),/ A2198  ,"1,562,000원 "
0,LG,아이폰11 (64GB),/ A2221  ,"1,562,000원 "
0,LG,아이폰11 (128GB),/ A2221  ,"1,562,000원 "
0,LG,아이폰11 (256GB),/ A2221  ,"1,562,000원 "
0,LG,아이폰11프로 (64GB),/ A2215  ,"1,562,000원 "
0,LG,아이폰11프로맥스 (64GB),/ A2218  ,"1,562,000원 "
0,LG,아이폰11프로 (256GB),/ A2215  ,"1,562,000원 "
0,LG,아이폰11프로맥스 (256GB),/ A2218  ,"1,562,000원 "
0,LG,아이폰11프로 (512GB),/ A2215  ,"1,562,000원 "
0,LG,아이폰11프로맥스 (512GB),/ A2218  ,"1,562,000원 "
0,LG,애플워치 시리즈5 알루미늄 ,/ A2156  ,"1,562,000원 "
0,LG,애플워치 시리즈5 알루미늄 ,/ A2157  ,"1,562,000원 "
0,LG,아이폰11 리메뉴팩처 (64GB),/ RE_A2221  ,"1,562,000원 "
0,LG,아이폰11 리메뉴팩처 (256GB),/ RE_A2221  ,"1,562,000원 "
0,LG,아이폰11프로맥스 리메뉴팩처 (64GB),/ RE_A2218  ,"1,562,000원 "
0,LG,아이폰11프로 리메뉴팩처 (256GB),/ RE_A2215  ,"1,562,000원 "
0,LG,아이폰11프로맥스 리메뉴팩처 (256GB),/ RE_A2218  ,"1,562,000원 "
0,LG,아이폰11프로 리메뉴팩처 (512GB),/ RE_A2215  ,"1,562,000원 "
0,LG,아이폰11프로맥스 리메뉴팩처 (512GB),/ RE_A2218  ,"1,562,000원 "
0,LG,아이패드미니5 (2019) (64GB),/ A2124  ,"1,562,000원 "
0,LG,아이패드에어3 (2019) (64GB),/ A2123  ,"1,562,000원 "
0,LG,아이패드미니5 (2019) (256GB),/ A2124  ,"1,562,000원 "
0,LG,아이패드에어3 (2019) (256GB),/ A2123  ,"1,562,000원 "
0,LG,아이패드프로 11 (2018) (64GB),/ A1934  ,"1,562,000원 "
0,LG,아이패드프로 11 (2018) (256GB),/ A1934  ,"1,562,000원 "
0,LG,아이패드프로12.9 (2018) (64GB),/ A1895  ,"1,562,000원 "
0,LG,아이패드프로12.9 (2018) (256GB),/ A1895  ,"1,562,000원 "
0,LG,아이패드프로 11 (2018) (512GB),/ A1934  ,"1,562,000원 "
0,LG,아이패드프로12.9 (2018) (512GB),/ A1895  ,"1,562,000원 "
0,LG,아이패드프로 11 (2018) (1TB),/ A1934  ,"1,562,000원 "
0,LG,아이패드프로12.9 (2018) (1TB),/ A1895  ,"1,562,000원 "
0,LG,애플워치4 40mm 스테인레스 ,/ A2008  ,"1,562,000원 "
0,LG,애플워치4 44mm 스테인레스 ,/ A2007  ,"1,562,000원 "
0,LG,애플워치4 44mm 알루미늄 ,/ A2008  ,"1,562,000원 "
0,LG,아이폰XR (64GB),/ A2105  ,"1,562,000원 "
0,LG,아이폰XR (128GB),/ A2105  ,"1,562,000원 "
0,LG,아이폰XR (256GB),/ A2105  ,"1,562,000원 "
0,LG,아이폰Xs (64GB),/ A2097  ,"1,562,000원 "
0,LG,아이폰Xs 맥스 (64GB),/ A2101  ,"1,562,000원 "
0,LG,아이폰Xs (256GB),/ A2097  ,"1,562,000원 "
0,LG,아이폰Xs 맥스 (256GB),/ A2101  ,"1,562,000원 "
0,LG,아이폰Xs (512GB),/ A2097  ,"1,562,000원 "
0,LG,아이폰Xs 맥스 (512GB),/ A2101  ,"1,562,000원 "
0,LG,애플워치4 40mm 알루미늄 ,/ A2007  ,"1,562,000원 "
0,LG,애플워치3 38mm ,/ A1889  ,"1,562,000원 "
0,LG,아이패드 9.7 (2018) (32GB),/ A1954  ,"1,562,000원 "
0,LG,아이패드 9.7 (2018) (128GB),/ A1954  ,"1,562,000원 "
0,LG,아이폰X (64GB),/ A1901  ,"1,562,000원 "
0,LG,아이폰X (256GB),/ A1901  ,"1,562,000원 "
0,LG,아이폰8 (64GB),/ A1905  ,"1,562,000원 "
0,LG,아이폰8플러스 (64GB),/ A1897  ,"1,562,000원 "
0,LG,아이폰8 (256GB),/ A1905  ,"1,562,000원 "
0,LG,아이폰8플러스 (256GB),/ A1897  ,"1,562,000원 "
0,LG,아이패드프로10.5 (2017) (64GB),/ A1709  ,"1,562,000원 "
0,LG,아이패드프로10.5 (2017) (256GB),/ A1709  ,"1,562,000원 "
0,LG,아이패드프로12.9 2세대 (2017) (64GB),/ A1671  ,"1,562,000원 "
0,LG,아이패드프로12.9 2세대 (2017) (256GB),/ A1671  ,"1,562,000원 "
0,LG,아이패드프로10.5 (2017) (512GB),/ A1709  ,"1,562,000원 "
0,LG,아이패드프로12.9 2세대 (2017) (512GB),/ A1671  ,"1,562,000원 "
0,LG,아이패드9.7 데모 (32GB),/ A1823  ,"1,562,000원 "
0,LG,아이패드9.7 (2017)  (32GB),/ A1823  ,"1,562,000원 "
0,LG,아이패드9.7 (2017)  (128GB),/ A1823  ,"1,562,000원 "
0,LG,아이폰7 (32GB),/ A1778  ,"1,562,000원 "
0,LG,아이폰7 (128GB),/ A1778  ,"1,562,000원 "
0,LG,아이폰7플러스 (32GB),/ A1784  ,"1,562,000원 "
0,LG,아이폰7 (256GB),/ A1778  ,"1,562,000원 "
0,LG,아이폰7플러스 (128GB),/ A1784  ,"1,562,000원 "
0,LG,아이폰7플러스 (256GB),/ A1784  ,"1,562,000원 "
0,LG,아이폰SE 데모 (16GB),/ A1723  ,"1,562,000원 "
0,LG,아이폰SE (32GB),/ A1723  ,"1,562,000원 "
0,LG,아이폰SE (128GB),/ A1723  ,"1,562,000원 "
0,LG,아이폰SE (16GB),/ A1723  ,"1,562,000원 "
0,LG,아이폰SE (64GB),/ A1723  ,"1,562,000원 "
0,LG,아이폰6s (64GB),/ A1688  ,"1,562,000원 "
0,LG,아이폰6s 데모 (16GB),/ DE-A1688  ,"1,562,000원 "
0,LG,아이폰6s (128GB),/ A1688  ,"1,562,000원 "
0,LG,아이폰6s 플러스 (64GB),/ A1687  ,"1,562,000원 "
0,LG,아이폰6s 플러스 데모 (16GB),/ DE-A1687  ,"1,562,000원 "
0,LG,아이폰6s 플러스 (128GB),/ A1687  ,"1,562,000원 "
0,LG,아이폰6s (16GB),/ A1688  ,"1,562,000원 "
0,LG,아이폰6s 플러스 (16GB),/ A1687  ,"1,562,000원 "
0,LG,아이폰6s (32GB),/ A1688  ,"1,562,000원 "
0,LG,아이폰6s 플러스 (32GB),/ A1687  ,"1,562,000원 "
0,LG,아이폰6 (64GB),/ A1586  ,"1,562,000원 "
0,LG,아이폰6 (128GB),/ A1586  ,"1,562,000원 "
0,LG,아이폰6 플러스 64G 리퍼 (IPHONE6PLUS),/ RE  ,"1,562,000원 "
0,LG,아이폰6 플러스 (64GB),/ A1524  ,"1,562,000원 "
0,LG,아이폰6 플러스 (128GB),/ A1524  ,"1,562,000원 "
0,LG,아이폰6 플러스 (16GB),/ A1524  ,"1,562,000원 "
0,LG,아이폰6 (16GB),/ A1586  ,"1,562,000원 "
0,LG,아이폰6 (32GB),/ A1586  ,"1,562,000원 "
0,LG,LG Q52 ,/ LM-Q520N  ,"1,098,900원 "
0,LG,LG윙 ,/ LM-F100N  ,"1,098,900원 "
0,LG,Q31 ,/ LM-Q310N  ,"1,098,900원 "
0,LG,Q92 ,/ LM-Q920N  ,"1,098,900원 "
0,LG,Q61 ,/ LM-Q630N  ,"1,098,900원 "
0,LG,벨벳 ,/ LM-G900N  ,"1,098,900원 "
0,LG,LG폴더2 ,/ LM-Y120L  ,"1,098,900원 "
0,LG,Q51 ,/ LM-Q510N  ,"1,098,900원 "
0,LG,V50s ThinQ ,/ LM-V510N  ,"1,098,900원 "
0,LG,지패드5 10.1 ,/ LM-T600L  ,"1,098,900원 "
0,LG,Q70 ,/ LM-Q730N  ,"1,098,900원 "
0,LG,X2 2019 ,/ LM-X220N  ,"1,098,900원 "
0,LG,X6 2019 ,/ LM-X625N  ,"1,098,900원 "
0,LG,V50 ThinQ (128GB),/ LM-V500N  ,"1,098,900원 "
0,LG,X4 2019 ,/ LM-X420N  ,"1,098,900원 "
0,LG,G8 ThinQ ,/ LM-G820N  ,"1,098,900원 "
0,LG,Q9 One ,/ LM-Q927L  ,"1,098,900원 "
0,LG,Q9 ,/ LM-Q925L  ,"1,098,900원 "
0,LG,V40 ThinQ (128GB),/ LM-V409N  ,"1,098,900원 "
0,LG,Q8 2018 ,/ LM-Q815L  ,"1,098,900원 "
0,LG,V35 ,/ LM-V350N  ,"1,098,900원 "
0,LG,Q7 BTS 에디션 ,/ LM-Q727L  ,"1,098,900원 "
0,LG,Q7 ,/ LM-Q720L  ,"1,098,900원 "
0,LG,Q7플러스 ,/ LM-Q725L  ,"1,098,900원 "
0,LG,X5 ,/ LM-X510L  ,"1,098,900원 "
0,LG,G7 ThinQ (64GB),/ LM-G710N  ,"1,098,900원 "
0,LG,G7 플러스 ThinQ (128GB),/ LM-G710N  ,"1,098,900원 "
0,LG,LG폴더 ,/ LM-Y110L  ,"1,098,900원 "
0,LG,V30s+ ThinQ (ThinQ),/ LGM-V300LW  ,"1,098,900원 "
0,LG,V30s ThniQ ,/ LGM-V300L28S  ,"1,098,900원 "
0,LG,엘지X4 ,/ LM-X410L  ,"1,098,900원 "
0,LG,X4플러스 ,/ LM-X415L  ,"1,098,900원 "
0,LG,LG시그니처에디션 (SIGNATURE),/ LGM-V300L  ,"1,098,900원 "
0,LG,X401 ,/ LGM-X401L  ,"1,098,900원 "
0,LG,스마트폴더 ,/ LGM-X100L  ,"1,098,900원 "
0,LG,V30 (64GB),/ LGM-V300L  ,"1,098,900원 "
0,LG,V30 (128GB),/ LGM-V300L  ,"1,098,900원 "
0,LG,Q6+ ,/ LGM-X600LP  ,"1,098,900원 "
0,LG,Q8 ,/ LGM-X800L  ,"1,098,900원 "
0,LG,Q6 ,/ LG-X600L  ,"1,098,900원 "
0,LG,지패드4 8.0 FHD LTE ,/ LG-P530L  ,"1,098,900원 "
0,LG,LG G6 플러스 ,/ LGM-G600LP  ,"1,098,900원 "
0,LG,G6 (32GB),/ LGM-G600LR  ,"1,098,900원 "
0,LG,X500 ,/ LGM-X320L  ,"1,098,900원 "
0,LG,X400 ,/ LGM-K121L  ,"1,098,900원 "
0,LG,G6 (64GB),/ LGM-G600L  ,"1,098,900원 "
0,LG,지패드3 10.1 ,/ LG-P755L  ,"1,098,900원 "
0,LG,X300 ,/ LGM-K120L  ,"1,098,900원 "
0,LG,U폰 ,/ LG-F820L  ,"1,098,900원 "
0,LG,V20 ,/ LG-F800L  ,"1,098,900원 "
0,LG,LG액션캠 ,/ LG-R200L  ,"1,098,900원 "
0,LG,X스크린 ,/ LG-F650L  ,"1,098,900원 "
0,LG,X캠 ,/ LG-F690L  ,"1,098,900원 "
0,LG,X스킨 ,/ LG-F740L  ,"1,098,900원 "
0,LG,넥서스 5x (16G),/ LG-H791  ,"1,098,900원 "
0,LG,넥서스 5x (32G),/ LG-H791  ,"1,098,900원 "
0,LG,엘지G5 ,/ LG-F700L  ,"1,098,900원 "
0,LG,스타일러스2 ,/ LG-F720L  ,"1,098,900원 "
0,LG,엘지 K10 ,/ LG-F670L  ,"1,098,900원 "
0,LG,엘지 V10 ,/ LG-F600L  ,"1,098,900원 "
0,LG,엘지 클래스 ,/ LG-F620L  ,"1,098,900원 "
0,LG,엘지G4 (64GB),/ LG-F500LM  ,"1,098,900원 "
0,LG,엘지 G4 ,/ LG-F500L  ,"1,098,900원 "
0,LG,LG 워치 어베인 LTE ,/ LG-W120L  ,"1,098,900원 "
0,LG,엘지 지플렉스2 ,/ LG-F510L  ,"1,098,900원 "
0,LG,엘지 지패드8.0 ,/ LG-P490L  ,"1,098,900원 "
0,LG,페르소나폰 아카 ,/ LG-F520L  ,"1,098,900원 "
0,LG,LG G3 스크린 (G3),/ LG  ,"1,098,900원 "
0,LG,G3 스크린 ,/ LG-F490L  ,"1,098,900원 "
0,LG, ,/ LG-LV8500  ,"1,098,900원 "
0,LG,와인 스마트 ,/ LG-F480L  ,"1,098,900원 "
0,LG,엘지 지엑스2 ,/ LG-F430L  ,"1,098,900원 "
0,LG,Gx2 (Gx2),/ LG  ,"1,098,900원 "
0,LG,엘지 G3 Cat.6 ,/ LG-F460L  ,"1,098,900원 "
0,LG,G3 비트 ,/ LG-F470L  ,"1,098,900원 "
0,LG,LG 키즈온 U+용 ,/ LG-W105L  ,"1,098,900원 "
0,LG,엘지 G3 ,/ LG-F400L  ,"1,098,900원 "
0,LG,엘지 F70 ,/ LG-F370L  ,"1,098,900원 "
0,LG,LG 지프로2 ,/ LG-F350L  ,"1,098,900원 "
0,LG,엘지 지엑스 GX로밍 ,/ LG-F310LR  ,"1,098,900원 "
0,LG,LG 지엑스 ,/ LG-F310L  ,"1,098,900원 "
0,LG,G 플렉스 ,/ LG-F340L  ,"1,098,900원 "
0,LG,엘지 뷰3 ,/ LG-F300L  ,"1,098,900원 "
0,LG,엘지 G2 ,/ LG-F320L  ,"1,098,900원 "
0,LG,옵티머스G 프로 ,/ LG-F240L  ,"1,098,900원 "
0,LG,옵티머스뷰2 ,/ LG-F200L  ,"1,098,900원 "
0,LG,옵티머스 G ,/ LG-F180L  ,"1,098,900원 "
0,LG,와인 ,/ LG-LV8500  ,"1,098,900원 "
0,LG,아이스크림 스마트 ,/ LG-F440L  ,"1,098,900원 "
0,LG,워치스포츠 ,/ LG-W281  ,"1,098,900원 "
0,LG,워치스포츠 ,/ LG-W281  ,"1,098,900원 "
0,LG,볼트폰 ,/ LG-F540K  ,"1,098,900원 "
0,LG,엘지 지패드2 ,/ LG-P815L  ,"1,098,900원 "
0,LG,볼트폰 ,/ LG-F540L  ,"1,098,900원 "
0,LG,젠틀 ,/ LG-F580L  ,"1,098,900원 "
0,LG,어베인 세컨드 에디션 ,/ LG-W200L  ,"1,098,900원 "
