,pl_id,모델이름,링크제목,나무위키링크
0,,,,
0,1.0,iphone11,아이폰11,https://namu.wiki/w/%EC%95%84%EC%9D%B4%ED%8F%B011
0,2.0,iphone11 Pro,아이폰11 프로,https://namu.wiki/w/%EC%95%84%EC%9D%B4%ED%8F%B011%20%ED%94%84%EB%A1%9C
0,3.0,iphone11 Pro Max,iPhone 12 Pro Max,https://namu.wiki/w/iPhone%2012%20Pro%20Max
0,4.0,iphoneXs,파일:IMG_0883.jpg,https://namu.wiki/w/%ED%8C%8C%EC%9D%BC:IMG_0883.jpg
0,5.0,iphoneXs Max,Max Beat,https://namu.wiki/w/Max%20Beat
0,6.0,아이폰Xr,,
0,7.0,iphoneX,아이폰X,https://namu.wiki/w/%EC%95%84%EC%9D%B4%ED%8F%B0X
0,8.0,iphone8,아이폰8,https://namu.wiki/w/%EC%95%84%EC%9D%B4%ED%8F%B08
0,9.0,iphone8 Plus,아이폰8 플러스,https://namu.wiki/w/%EC%95%84%EC%9D%B4%ED%8F%B08%20%ED%94%8C%EB%9F%AC%EC%8A%A4
0,10.0,iphone7,아이폰7,https://namu.wiki/w/%EC%95%84%EC%9D%B4%ED%8F%B07
0,11.0,iphone7 Plus,아이폰7 플러스,https://namu.wiki/w/%EC%95%84%EC%9D%B4%ED%8F%B07%20%ED%94%8C%EB%9F%AC%EC%8A%A4
0,12.0,iphoneSE,아이폰SE,https://namu.wiki/w/%EC%95%84%EC%9D%B4%ED%8F%B0SE
0,13.0,iphone6s,아이폰6s,https://namu.wiki/w/%EC%95%84%EC%9D%B4%ED%8F%B06s
0,14.0,iphone6s Plus,아이폰6s,https://namu.wiki/w/%EC%95%84%EC%9D%B4%ED%8F%B06s
0,15.0,iphone6,아이폰6,https://namu.wiki/w/%EC%95%84%EC%9D%B4%ED%8F%B06
0,16.0,iphone6 Plus,아이폰6,https://namu.wiki/w/%EC%95%84%EC%9D%B4%ED%8F%B06
0,17.0,iphone5s,아이폰5s,https://namu.wiki/w/%EC%95%84%EC%9D%B4%ED%8F%B05s
0,18.0,iphone5c,아이폰5c,https://namu.wiki/w/%EC%95%84%EC%9D%B4%ED%8F%B05c
0,19.0,iphone5,아이폰5,https://namu.wiki/w/%EC%95%84%EC%9D%B4%ED%8F%B05
0,20.0,iphone4s,아이폰4s,https://namu.wiki/w/%EC%95%84%EC%9D%B4%ED%8F%B04s
0,21.0,iphone4,아이폰4,https://namu.wiki/w/%EC%95%84%EC%9D%B4%ED%8F%B04
0,22.0,Galaxy A90 5G,갤럭시 A90 5G,https://namu.wiki/w/%EA%B0%A4%EB%9F%AD%EC%8B%9C%20A90%205G
0,23.0,Galaxy A50,갤럭시 A50,https://namu.wiki/w/%EA%B0%A4%EB%9F%AD%EC%8B%9C%20A50
0,24.0,Galaxy A40,갤럭시 A40,https://namu.wiki/w/%EA%B0%A4%EB%9F%AD%EC%8B%9C%20A40
0,25.0,Galaxy A30,갤럭시 A30,https://namu.wiki/w/%EA%B0%A4%EB%9F%AD%EC%8B%9C%20A30
0,26.0,Galaxy Wide4,갤럭시 와이드4,https://namu.wiki/w/%EA%B0%A4%EB%9F%AD%EC%8B%9C%20%EC%99%80%EC%9D%B4%EB%93%9C4
0,27.0,Galaxy A9 Pro,갤럭시 A9 Pro,https://namu.wiki/w/%EA%B0%A4%EB%9F%AD%EC%8B%9C%20A9%20Pro
0,28.0,Galaxy A8 Star,갤럭시 A8 Star,https://namu.wiki/w/%EA%B0%A4%EB%9F%AD%EC%8B%9C%20A8%20Star
0,29.0,Galaxy A9 2018,갤럭시 A9,https://namu.wiki/w/%EA%B0%A4%EB%9F%AD%EC%8B%9C%20A9
0,30.0,Galaxy A8 2018,갤럭시 A8 2018,https://namu.wiki/w/%EA%B0%A4%EB%9F%AD%EC%8B%9C%20A8%202018
0,31.0,Galaxy A6 2018,갤럭시 A6,https://namu.wiki/w/%EA%B0%A4%EB%9F%AD%EC%8B%9C%20A6
0,32.0,Galaxy A7 2018,갤럭시 A7(2018),https://namu.wiki/w/%EA%B0%A4%EB%9F%AD%EC%8B%9C%20A7(2018)
0,33.0,Galaxy A5 2017,갤럭시 A5(2017),https://namu.wiki/w/%EA%B0%A4%EB%9F%AD%EC%8B%9C%20A5(2017)
0,34.0,Galaxy A8 2016,갤럭시 A8 2016,https://namu.wiki/w/%EA%B0%A4%EB%9F%AD%EC%8B%9C%20A8%202016
0,35.0,Galaxy A3 2016,갤럭시 A3(2016),https://namu.wiki/w/%EA%B0%A4%EB%9F%AD%EC%8B%9C%20A3(2016)
0,36.0,Galaxy A5 2016,갤럭시 A5,https://namu.wiki/w/%EA%B0%A4%EB%9F%AD%EC%8B%9C%20A5
0,37.0,Galaxy A7 2016,갤럭시 A7 2016,https://namu.wiki/w/%EA%B0%A4%EB%9F%AD%EC%8B%9C%20A7%202016
0,38.0,Galaxy A8,갤럭시 A8,https://namu.wiki/w/%EA%B0%A4%EB%9F%AD%EC%8B%9C%20A8
0,39.0,Galaxy A5,갤럭시 A5,https://namu.wiki/w/%EA%B0%A4%EB%9F%AD%EC%8B%9C%20A5
0,40.0,Galaxy A3,갤럭시 A3,https://namu.wiki/w/%EA%B0%A4%EB%9F%AD%EC%8B%9C%20A3
0,41.0,Galaxy A7,갤럭시 탭 A7,https://namu.wiki/w/%EA%B0%A4%EB%9F%AD%EC%8B%9C%20%ED%83%AD%20A7
0,42.0,Galaxy A,갤럭시 A,https://namu.wiki/w/%EA%B0%A4%EB%9F%AD%EC%8B%9C%20A
0,43.0,Galaxy J2 Pro,갤럭시 J2 Pro,https://namu.wiki/w/%EA%B0%A4%EB%9F%AD%EC%8B%9C%20J2%20Pro
0,44.0,Galaxy J3 2017,갤럭시 J3(2017),https://namu.wiki/w/%EA%B0%A4%EB%9F%AD%EC%8B%9C%20J3(2017)
0,45.0,Galaxy J5 2017,갤럭시 J5,https://namu.wiki/w/%EA%B0%A4%EB%9F%AD%EC%8B%9C%20J5
0,46.0,Galaxy J7 2017,갤럭시 J7,https://namu.wiki/w/%EA%B0%A4%EB%9F%AD%EC%8B%9C%20J7
0,47.0,Galaxy J3 2016,갤럭시 J3 Pro,https://namu.wiki/w/%EA%B0%A4%EB%9F%AD%EC%8B%9C%20J3%20Pro
0,48.0,Galaxy J7 2016,갤럭시 J7,https://namu.wiki/w/%EA%B0%A4%EB%9F%AD%EC%8B%9C%20J7
0,49.0,Galaxy J5 2016,갤럭시 J5,https://namu.wiki/w/%EA%B0%A4%EB%9F%AD%EC%8B%9C%20J5
0,50.0,Galaxy J7,갤럭시 J7,https://namu.wiki/w/%EA%B0%A4%EB%9F%AD%EC%8B%9C%20J7
0,51.0,Galaxy J6,갤럭시 J6,https://namu.wiki/w/%EA%B0%A4%EB%9F%AD%EC%8B%9C%20J6
0,52.0,Galaxy J5,갤럭시 J5,https://namu.wiki/w/%EA%B0%A4%EB%9F%AD%EC%8B%9C%20J5
0,53.0,Galaxy J4 Plus,갤럭시 J4,https://namu.wiki/w/%EA%B0%A4%EB%9F%AD%EC%8B%9C%20J4
0,54.0,GalaxyS10 5G,갤럭시S10 5G,https://namu.wiki/w/%EA%B0%A4%EB%9F%AD%EC%8B%9CS10%205G
0,55.0,갤럭시S10e,,
0,56.0,GalaxyS10,갤럭시S10,https://namu.wiki/w/%EA%B0%A4%EB%9F%AD%EC%8B%9CS10
0,57.0,GalaxyS10 Plus,갤럭시S10,https://namu.wiki/w/%EA%B0%A4%EB%9F%AD%EC%8B%9CS10
0,58.0,GalaxyS9,갤럭시S9,https://namu.wiki/w/%EA%B0%A4%EB%9F%AD%EC%8B%9CS9
0,59.0,GalaxyS9 Plus,갤럭시S9,https://namu.wiki/w/%EA%B0%A4%EB%9F%AD%EC%8B%9CS9
0,60.0,GalaxyS8,갤럭시S8,https://namu.wiki/w/%EA%B0%A4%EB%9F%AD%EC%8B%9CS8
0,61.0,GalaxyS8 Plus,갤럭시S8,https://namu.wiki/w/%EA%B0%A4%EB%9F%AD%EC%8B%9CS8
0,62.0,GalaxyS7,갤럭시S7,https://namu.wiki/w/%EA%B0%A4%EB%9F%AD%EC%8B%9CS7
0,63.0,GalaxyS7 Edge,갤럭시S7,https://namu.wiki/w/%EA%B0%A4%EB%9F%AD%EC%8B%9CS7
0,64.0,GalaxyS6 Edge Plus,Razer Edge,https://namu.wiki/w/Razer%20Edge
0,65.0,GalaxyS6 Edge,Razer Edge,https://namu.wiki/w/Razer%20Edge
0,66.0,GalaxyS6,갤럭시S6,https://namu.wiki/w/%EA%B0%A4%EB%9F%AD%EC%8B%9CS6
0,67.0,GalaxyS5,갤럭시S5,https://namu.wiki/w/%EA%B0%A4%EB%9F%AD%EC%8B%9CS5
0,68.0,GalaxyS5 LTE-A,갤럭시S5,https://namu.wiki/w/%EA%B0%A4%EB%9F%AD%EC%8B%9CS5
0,69.0,GalaxyS4,갤럭시S4,https://namu.wiki/w/%EA%B0%A4%EB%9F%AD%EC%8B%9CS4
0,70.0,GalaxyS4 LTE-A,갤럭시S4,https://namu.wiki/w/%EA%B0%A4%EB%9F%AD%EC%8B%9CS4
0,71.0,GalaxyS4 Active,갤럭시S4,https://namu.wiki/w/%EA%B0%A4%EB%9F%AD%EC%8B%9CS4
0,72.0,GalaxyS4 Zoom,갤럭시S4 Zoom,https://namu.wiki/w/%EA%B0%A4%EB%9F%AD%EC%8B%9CS4%20Zoom
0,73.0,GalaxyS4 Mini,갤럭시S4,https://namu.wiki/w/%EA%B0%A4%EB%9F%AD%EC%8B%9CS4
0,74.0,GalaxyS3 LTE,갤럭시S3 LTE,https://namu.wiki/w/%EA%B0%A4%EB%9F%AD%EC%8B%9CS3%20LTE
0,75.0,GalaxyS3 3G,3G,https://namu.wiki/w/3G
0,76.0,GalaxyS2,갤럭시S2,https://namu.wiki/w/%EA%B0%A4%EB%9F%AD%EC%8B%9CS2
0,77.0,GalaxyS2 HD LTE,갤럭시 S2 HD LTE,https://namu.wiki/w/%EA%B0%A4%EB%9F%AD%EC%8B%9C%20S2%20HD%20LTE
0,78.0,GalaxyS2 LTE,LTE,https://namu.wiki/w/LTE
0,79.0,GalaxyS,갤럭시S,https://namu.wiki/w/%EA%B0%A4%EB%9F%AD%EC%8B%9CS
0,80.0,GalaxyS Hoppin,갤럭시S,https://namu.wiki/w/%EA%B0%A4%EB%9F%AD%EC%8B%9CS
0,81.0,GalaxyGrand Max,맥스,https://namu.wiki/w/%EB%A7%A5%EC%8A%A4
0,82.0,갤럭시그랜드2,,
0,83.0,갤럭시그랜드,,
0,84.0,GalaxyNote10,갤럭시노트10,https://namu.wiki/w/%EA%B0%A4%EB%9F%AD%EC%8B%9C%EB%85%B8%ED%8A%B810
0,85.0,GalaxyNote10 Plus,PS Plus,https://namu.wiki/w/PS%20Plus
0,86.0,GalaxyNote9,갤럭시노트9,https://namu.wiki/w/%EA%B0%A4%EB%9F%AD%EC%8B%9C%EB%85%B8%ED%8A%B89
0,87.0,GalaxyNote8,갤럭시노트8,https://namu.wiki/w/%EA%B0%A4%EB%9F%AD%EC%8B%9C%EB%85%B8%ED%8A%B88
0,88.0,갤럭시노트FE,,
0,89.0,GalaxyNote7,갤럭시노트7,https://namu.wiki/w/%EA%B0%A4%EB%9F%AD%EC%8B%9C%EB%85%B8%ED%8A%B87
0,90.0,GalaxyNote5,갤럭시노트5,https://namu.wiki/w/%EA%B0%A4%EB%9F%AD%EC%8B%9C%EB%85%B8%ED%8A%B85
0,91.0,GalaxyNote4,갤럭시노트4,https://namu.wiki/w/%EA%B0%A4%EB%9F%AD%EC%8B%9C%EB%85%B8%ED%8A%B84
0,92.0,GalaxyNote4 S-LTE,갤럭시노트4,https://namu.wiki/w/%EA%B0%A4%EB%9F%AD%EC%8B%9C%EB%85%B8%ED%8A%B84
0,93.0,GalaxyNote4 Edge,갤럭시노트4,https://namu.wiki/w/%EA%B0%A4%EB%9F%AD%EC%8B%9C%EB%85%B8%ED%8A%B84
0,94.0,GalaxyNote3,갤럭시노트3,https://namu.wiki/w/%EA%B0%A4%EB%9F%AD%EC%8B%9C%EB%85%B8%ED%8A%B83
0,95.0,GalaxyNote3 Neo,갤럭시노트3,https://namu.wiki/w/%EA%B0%A4%EB%9F%AD%EC%8B%9C%EB%85%B8%ED%8A%B83
0,96.0,GalaxyNote2,갤럭시노트2,https://namu.wiki/w/%EA%B0%A4%EB%9F%AD%EC%8B%9C%EB%85%B8%ED%8A%B82
0,97.0,GalaxyNote,갤럭시노트,https://namu.wiki/w/%EA%B0%A4%EB%9F%AD%EC%8B%9C%EB%85%B8%ED%8A%B8
0,98.0,GalaxyFolder2,LG 스마트 폴더,https://namu.wiki/w/LG%20%EC%8A%A4%EB%A7%88%ED%8A%B8%20%ED%8F%B4%EB%8D%94
0,99.0,Galaxy On7 2016,갤럭시 온7,https://namu.wiki/w/%EA%B0%A4%EB%9F%AD%EC%8B%9C%20%EC%98%A87
0,100.0,갤럭시와이드,,
0,101.0,갤럭시와이드3,,
0,102.0,갤럭시알파,,
0,103.0,GalaxyCore,CMOS,https://namu.wiki/w/CMOS
0,104.0,GalaxyCore Safe,사용자:Safe,https://namu.wiki/w/%EC%82%AC%EC%9A%A9%EC%9E%90:Safe
0,105.0,GalaxyCore Advance,GT Advance 시리즈,https://namu.wiki/w/GT%20Advance%20%EC%8B%9C%EB%A6%AC%EC%A6%88
0,106.0,GalaxyW,문지인,https://namu.wiki/w/%EB%AC%B8%EC%A7%80%EC%9D%B8
0,107.0,갤럭시줌2,,
0,108.0,GalaxyWin,사용자:dpssk031119,https://namu.wiki/w/%EC%82%AC%EC%9A%A9%EC%9E%90:dpssk031119
0,109.0,GalaxyRound,이동통신단말장치 유통구조 개선에 관한 법률/문제점,https://namu.wiki/w/%EC%9D%B4%EB%8F%99%ED%86%B5%EC%8B%A0%EB%8B%A8%EB%A7%90%EC%9E%A5%EC%B9%98%20%EC%9C%A0%ED%86%B5%EA%B5%AC%EC%A1%B0%20%EA%B0%9C%EC%84%A0%EC%97%90%20%EA%B4%80%ED%95%9C%20%EB%B2%95%EB%A5%A0/%EB%AC%B8%EC%A0%9C%EC%A0%90
0,110.0,갤럭시골든,,
0,111.0,GalaxyMega 6.3,6.3 항쟁,https://namu.wiki/w/6.3%20%ED%95%AD%EC%9F%81
0,112.0,GalaxyPop,갤럭시팝,https://namu.wiki/w/%EA%B0%A4%EB%9F%AD%EC%8B%9C%ED%8C%9D
0,113.0,GalaxyR style,Future style,https://namu.wiki/w/Future%20style
0,114.0,GalaxyM style,Future style,https://namu.wiki/w/Future%20style
0,115.0,갤럭시에이스,,
0,116.0,GalaxyU,갤럭시U,https://namu.wiki/w/%EA%B0%A4%EB%9F%AD%EC%8B%9CU
0,117.0,갤럭시진2,,
0,118.0,kakao LittleFriends Phone2,프로도(카카오프렌즈),https://namu.wiki/w/%ED%94%84%EB%A1%9C%EB%8F%84(%EC%B9%B4%EC%B9%B4%EC%98%A4%ED%94%84%EB%A0%8C%EC%A6%88)
0,119.0,Galaxy On7 Prime,갤럭시 온7 프라임,https://namu.wiki/w/%EA%B0%A4%EB%9F%AD%EC%8B%9C%20%EC%98%A87%20%ED%94%84%EB%9D%BC%EC%9E%84
0,121.0,Samsung MasterPhone KT 3G,마스터폰,https://namu.wiki/w/%EB%A7%88%EC%8A%A4%ED%84%B0%ED%8F%B0
0,122.0,Samsung MasterPhone SKT 3G,삼성 마스터,https://namu.wiki/w/%EC%82%BC%EC%84%B1%20%EB%A7%88%EC%8A%A4%ED%84%B0
0,123.0,Samsung MasterPhone LG 3G,LG 와인 3G,https://namu.wiki/w/LG%20%EC%99%80%EC%9D%B8%203G
0,124.0,F70,F70 캐논 건담,https://namu.wiki/w/F70%20%EC%BA%90%EB%85%BC%20%EA%B1%B4%EB%8B%B4
0,125.0,G8 ThinQ,LG G8 ThinQ,https://namu.wiki/w/LG%20G8%20ThinQ
0,126.0,G7 ThinQ,G7 ThinQ,https://namu.wiki/w/G7%20ThinQ
0,127.0,G7 ThinQ Plus,G7 ThinQ,https://namu.wiki/w/G7%20ThinQ
0,128.0,G6 ThinQ,LG G6 ThinQ,https://namu.wiki/w/LG%20G6%20ThinQ
0,129.0,G6 ThinQ Plus,LG G6 ThinQ,https://namu.wiki/w/LG%20G6%20ThinQ
0,130.0,G5,G5,https://namu.wiki/w/G5
0,131.0,G4,가면라이더 G4,https://namu.wiki/w/%EA%B0%80%EB%A9%B4%EB%9D%BC%EC%9D%B4%EB%8D%94%20G4
0,132.0,G3,G3,https://namu.wiki/w/G3
0,133.0,G3 A,G3 A,https://namu.wiki/w/G3%20A
0,134.0,G3 Beat,G3 Beat,https://namu.wiki/w/G3%20Beat
0,135.0,G3 Screen,G3 Screen,https://namu.wiki/w/G3%20Screen
0,136.0,G3.Cat6,,
0,137.0,G2,G2,https://namu.wiki/w/G2
0,138.0,G Pro2,G,https://namu.wiki/w/G
0,139.0,Gx2,LG Gx2,https://namu.wiki/w/LG%20Gx2
0,140.0,Gx,LG Gx 로밍,https://namu.wiki/w/LG%20Gx%20%EB%A1%9C%EB%B0%8D
0,141.0,G Flex2,갤럭시 북 Flex2 5G,https://namu.wiki/w/%EA%B0%A4%EB%9F%AD%EC%8B%9C%20%EB%B6%81%20Flex2%205G
0,142.0,G Flex,G Flex,https://namu.wiki/w/G%20Flex
0,143.0,Stylo 5,LG G Stylo,https://namu.wiki/w/LG%20G%20Stylo
0,144.0,Stylo 5 Plus,LG G Stylo,https://namu.wiki/w/LG%20G%20Stylo
0,145.0,Stylus 3,LG Stylus 3,https://namu.wiki/w/LG%20Stylus%203
0,146.0,Stylus 2,LG Stylus 2,https://namu.wiki/w/LG%20Stylus%202
0,147.0,G Stylo,엘지 지 스타일로,https://namu.wiki/w/%EC%97%98%EC%A7%80%20%EC%A7%80%20%EC%8A%A4%ED%83%80%EC%9D%BC%EB%A1%9C
0,148.0,G3 Stylus,틀:LG Stylus 시리즈,https://namu.wiki/w/%ED%8B%80:LG%20Stylus%20%EC%8B%9C%EB%A6%AC%EC%A6%88
0,149.0,K10,K10,https://namu.wiki/w/K10
0,150.0,U phone,LG U폰,https://namu.wiki/w/LG%20U%ED%8F%B0
0,151.0,LG CLASS,클래스,https://namu.wiki/w/%ED%81%B4%EB%9E%98%EC%8A%A4
0,152.0,LG Volt,볼트,https://namu.wiki/w/%EB%B3%BC%ED%8A%B8
0,153.0,LG AKA,아카,https://namu.wiki/w/%EC%95%84%EC%B9%B4
0,154.0,Q9,Q9 One,https://namu.wiki/w/Q9%20One
0,155.0,Q9 One,Q9 One,https://namu.wiki/w/Q9%20One
0,156.0,Q8 2018,Q8,https://namu.wiki/w/Q8
0,157.0,Q Stylus Plus,Q8,https://namu.wiki/w/Q8
0,158.0,Q Stylus,틀:LG Stylus 시리즈,https://namu.wiki/w/%ED%8B%80:LG%20Stylus%20%EC%8B%9C%EB%A6%AC%EC%A6%88
0,159.0,Q Stylus Alpha,틀:LG Stylus 시리즈,https://namu.wiki/w/%ED%8B%80:LG%20Stylus%20%EC%8B%9C%EB%A6%AC%EC%A6%88
0,160.0,Q7,Q7,https://namu.wiki/w/Q7
0,161.0,Q7 Plus,Q7,https://namu.wiki/w/Q7
0,162.0,Q6,Q6,https://namu.wiki/w/Q6
0,163.0,Q6 Plus,Q6,https://namu.wiki/w/Q6
0,164.0,V50 ThinQ,LG V50 ThinQ,https://namu.wiki/w/LG%20V50%20ThinQ
0,165.0,V50s ThinQ,ThinQ,https://namu.wiki/w/ThinQ
0,166.0,V40 ThinQ,V40 ThinQ,https://namu.wiki/w/V40%20ThinQ
0,167.0,V35,V35,https://namu.wiki/w/V35
0,168.0,V30s ThinQ,V30s,https://namu.wiki/w/V30s
0,169.0,V30,V30,https://namu.wiki/w/V30
0,170.0,V20,V20,https://namu.wiki/w/V20
0,171.0,V10,V10,https://namu.wiki/w/V10
0,172.0,X5 2018,X5,https://namu.wiki/w/X5
0,173.0,X4,X4,https://namu.wiki/w/X4
0,174.0,X4 Plus,X4,https://namu.wiki/w/X4
0,175.0,X6 2019,X6,https://namu.wiki/w/X6
0,176.0,X4 2019,X4,https://namu.wiki/w/X4
0,177.0,X2 2019,X2,https://namu.wiki/w/X2
0,178.0,X2 2018,X2,https://namu.wiki/w/X2
0,179.0,X500,X500,https://namu.wiki/w/X500
0,180.0,X401,LG X401,https://namu.wiki/w/LG%20X401
0,181.0,X400,X400,https://namu.wiki/w/X400
0,182.0,X300,X300,https://namu.wiki/w/X300
0,183.0,X Power,세레이나(천년전쟁 아이기스),https://namu.wiki/w/%EC%84%B8%EB%A0%88%EC%9D%B4%EB%82%98(%EC%B2%9C%EB%85%84%EC%A0%84%EC%9F%81%20%EC%95%84%EC%9D%B4%EA%B8%B0%EC%8A%A4)
0,184.0,X5,X5,https://namu.wiki/w/X5
0,185.0,X Skin,이판사판태클,https://namu.wiki/w/%EC%9D%B4%ED%8C%90%EC%82%AC%ED%8C%90%ED%83%9C%ED%81%B4
0,186.0,X Cam,캠퍼스,https://namu.wiki/w/%EC%BA%A0%ED%8D%BC%EC%8A%A4
0,187.0,X스크린,,
0,188.0,Nexus 5x,넥서스 5x,https://namu.wiki/w/%EB%84%A5%EC%84%9C%EC%8A%A4%205x
0,189.0,Optimus LTE3,옵티머스 LTE3,https://namu.wiki/w/%EC%98%B5%ED%8B%B0%EB%A8%B8%EC%8A%A4%20LTE3
0,190.0,Wine Smart Jazz,와인 스마트 재즈,https://namu.wiki/w/%EC%99%80%EC%9D%B8%20%EC%8A%A4%EB%A7%88%ED%8A%B8%20%EC%9E%AC%EC%A6%88
0,191.0,Wine Smart,와인 스마트,https://namu.wiki/w/%EC%99%80%EC%9D%B8%20%EC%8A%A4%EB%A7%88%ED%8A%B8
0,192.0,Wine Smart 3G,LG 와인 스마트,https://namu.wiki/w/LG%20%EC%99%80%EC%9D%B8%20%EC%8A%A4%EB%A7%88%ED%8A%B8
0,193.0,LG Folder,LG폴더,https://namu.wiki/w/LG%ED%8F%B4%EB%8D%94
0,194.0,SmartFolder,스마트폴더,https://namu.wiki/w/%EC%8A%A4%EB%A7%88%ED%8A%B8%ED%8F%B4%EB%8D%94
0,195.0,Galaxy Fold,갤럭시 Z 폴드,https://namu.wiki/w/%EA%B0%A4%EB%9F%AD%EC%8B%9C%20Z%20%ED%8F%B4%EB%93%9C
0,196.0,iphoneSE (2020),아이폰SE,https://namu.wiki/w/%EC%95%84%EC%9D%B4%ED%8F%B0SE
0,197.0,Galaxy A80,갤럭시 A80,https://namu.wiki/w/%EA%B0%A4%EB%9F%AD%EC%8B%9C%20A80
0,198.0,Galaxy Z Flip,Z플립,https://namu.wiki/w/Z%ED%94%8C%EB%A6%BD
0,199.0,Galaxy S20,갤럭시 S20,https://namu.wiki/w/%EA%B0%A4%EB%9F%AD%EC%8B%9C%20S20
0,200.0,Galaxy S20 Plus,갤럭시 S20,https://namu.wiki/w/%EA%B0%A4%EB%9F%AD%EC%8B%9C%20S20
0,210.0,Galaxy S20 Ultra,갤럭시 S20 울트라,https://namu.wiki/w/%EA%B0%A4%EB%9F%AD%EC%8B%9C%20S20%20%EC%9A%B8%ED%8A%B8%EB%9D%BC
0,211.0,VELVET,벨벳,https://namu.wiki/w/%EB%B2%A8%EB%B2%B3
0,212.0,Q51,Q51,https://namu.wiki/w/Q51
0,213.0,LG Folder 2,LG 폴더2,https://namu.wiki/w/LG%20%ED%8F%B4%EB%8D%942
0,214.0,Q61,Q61,https://namu.wiki/w/Q61
0,215.0,Galaxy A31,갤럭시 A31,https://namu.wiki/w/%EA%B0%A4%EB%9F%AD%EC%8B%9C%20A31
0,216.0,Galaxy A51,갤럭시 A51,https://namu.wiki/w/%EA%B0%A4%EB%9F%AD%EC%8B%9C%20A51
0,217.0,Galaxy A Quantum,갤럭시,https://namu.wiki/w/%EA%B0%A4%EB%9F%AD%EC%8B%9C
0,218.0,Galaxy S20 FE,갤럭시S20,https://namu.wiki/w/%EA%B0%A4%EB%9F%AD%EC%8B%9CS20
0,219.0,GalaxyNote20,갤럭시노트20,https://namu.wiki/w/%EA%B0%A4%EB%9F%AD%EC%8B%9C%EB%85%B8%ED%8A%B820
0,220.0,GalaxyNote20 Ultra  ,갤럭시노트20,https://namu.wiki/w/%EA%B0%A4%EB%9F%AD%EC%8B%9C%EB%85%B8%ED%8A%B820
0,221.0,LG Q31,LG Q31,https://namu.wiki/w/LG%20Q31
0,222.0,LG Q52,Q52,https://namu.wiki/w/Q52
0,223.0,LG Wing,윙,https://namu.wiki/w/%EC%9C%99
0,224.0,Galaxy A10e,갤럭시 A10e,https://namu.wiki/w/%EA%B0%A4%EB%9F%AD%EC%8B%9C%20A10e
0,,Google Nexus5 16G  ,넥서스5,https://namu.wiki/w/%EB%84%A5%EC%84%9C%EC%8A%A45
0,,Optimus VU  ,옵티머스 뷰,https://namu.wiki/w/%EC%98%B5%ED%8B%B0%EB%A8%B8%EC%8A%A4%20%EB%B7%B0
0,,Optimus G  ,옵티머스 G,https://namu.wiki/w/%EC%98%B5%ED%8B%B0%EB%A8%B8%EC%8A%A4%20G
0,,Optimus VU2,옵티머스 뷰2,https://namu.wiki/w/%EC%98%B5%ED%8B%B0%EB%A8%B8%EC%8A%A4%20%EB%B7%B02
0,,LG Optimus GK  ,옵티머스 GK,https://namu.wiki/w/%EC%98%B5%ED%8B%B0%EB%A8%B8%EC%8A%A4%20GK
0,,Optimus G Pro  ,옵티머스G,https://namu.wiki/w/%EC%98%B5%ED%8B%B0%EB%A8%B8%EC%8A%A4G
0,,LG Vu3  ,뷰3,https://namu.wiki/w/%EB%B7%B03
0,,LG 밴드플레이  ,밴드플레이,https://namu.wiki/w/%EB%B0%B4%EB%93%9C%ED%94%8C%EB%A0%88%EC%9D%B4
0,,PRADA 3.0  ,프라다폰 3.0,https://namu.wiki/w/%ED%94%84%EB%9D%BC%EB%8B%A4%ED%8F%B0%203.0
0,,PRADA 3.0  ,프라다폰 3.0,https://namu.wiki/w/%ED%94%84%EB%9D%BC%EB%8B%A4%ED%8F%B0%203.0
0,,OPTIMUS Q2  ,옵티머스Q2,https://namu.wiki/w/%EC%98%B5%ED%8B%B0%EB%A8%B8%EC%8A%A4Q2
0,,PRADA 3.0  ,프라다폰 3.0,https://namu.wiki/w/%ED%94%84%EB%9D%BC%EB%8B%A4%ED%8F%B0%203.0
0,,LG Q7  ,Q7,https://namu.wiki/w/Q7
0,,LG Q70  ,Q70,https://namu.wiki/w/Q70
0,,LG Q92  ,Q92,https://namu.wiki/w/Q92
0,,Optimus Z  ,옵티머스 Z,https://namu.wiki/w/%EC%98%B5%ED%8B%B0%EB%A8%B8%EC%8A%A4%20Z
0,,GALAXY GRAND  ,갤럭시 그랜드 시리즈,https://namu.wiki/w/%EA%B0%A4%EB%9F%AD%EC%8B%9C%20%EA%B7%B8%EB%9E%9C%EB%93%9C%20%EC%8B%9C%EB%A6%AC%EC%A6%88
0,,GALAXY Gio  ,갤럭시 지오,https://namu.wiki/w/%EA%B0%A4%EB%9F%AD%EC%8B%9C%20%EC%A7%80%EC%98%A4
0,,Samsung Galaxy A10  ,갤럭시 A10,https://namu.wiki/w/%EA%B0%A4%EB%9F%AD%EC%8B%9C%20A10
0,,Samsung Galaxy A21s  ,갤럭시 A21s,https://namu.wiki/w/%EA%B0%A4%EB%9F%AD%EC%8B%9C%20A21s
0,,Samsung Galaxy A7 2017  ,갤럭시 A7(2017),https://namu.wiki/w/%EA%B0%A4%EB%9F%AD%EC%8B%9C%20A7(2017)
0,,Galaxy Folder  ,갤럭시 폴더 시리즈,https://namu.wiki/w/%EA%B0%A4%EB%9F%AD%EC%8B%9C%20%ED%8F%B4%EB%8D%94%20%EC%8B%9C%EB%A6%AC%EC%A6%88
0,,Samsung Galaxy Folder2 LTE  ,갤럭시 폴더2,https://namu.wiki/w/%EA%B0%A4%EB%9F%AD%EC%8B%9C%20%ED%8F%B4%EB%8D%942
0,,Samsung Galaxy Wide 2  ,갤럭시 와이드2,https://namu.wiki/w/%EA%B0%A4%EB%9F%AD%EC%8B%9C%20%EC%99%80%EC%9D%B4%EB%93%9C2
0,,Samsung Galaxy M20  ,갤럭시 M20,https://namu.wiki/w/%EA%B0%A4%EB%9F%AD%EC%8B%9C%20M20
